Workbook

Sheet README
A1: Sport Profile Database — v1.5
A3: Purpose
A4: Reference dataset of elite-athlete anthropometric and performance profiles, used as the basis for matching users to sports based on body measurements and preferences. Built to be expanded to 40–60 sports before any matching logic is written.
A6: Sheets
A7: • Profiles — one row per sport (or position). Mean and SD where available. All numeric cells should cite a source via the Source ID column.
A8: • Sources — bibliography. Every numeric figure on Profiles refers back to a Source ID here.
A9: • Schema notes — definitions and scoring conventions for each column.
A10: • Scoring weights — placeholder for the matching model. Not used yet.
A12: Conventions
A13: • Units: cm for height/wingspan, kg for weight, % for body fat. Always SI.
A14: • Mean ± SD where the source provides it. Single values where only a mean is reported.
A15: • Demand scores (aerobic, anaerobic, strength, power, etc.) are 1–10 estimates assigned from the literature. These are subjective and the first thing to revisit once the model is tested.
... A41: v1.5 — bug fix: corrected the sex tag on three female-only sport rows that were wrongly marked M (gymnastics SP07, netball SP42, netball SP42b). The v1.2 sex-tagging logic only flagged F based on ID suffix or a narrow hardcoded name list, so these slipped through.

Sheet User Input
A1: User Input — fill in the BLUE cells
A2: Yellow background = editable. Blue text = your data. The Scoring sheet recalculates automatically.
A4: Identity & demographics
A6: Sex (M / F) | B6: M | C6: Hard filter — only sports rows matching this sex (or unisex-coded) are returned.
A7: Archetype (endurance / strength / explosive / skill / balanced / untrained) | B7: balanced | C7: Replaces 8 self-rated ability scores. Pick: endurance / strength / explosive / skill / balanced / untrained.
A8: Body measurements
A9: Height (cm) | B9: 183 | C9: Standing height without shoes.
A10: Weight (kg) | B10: 88 | C10: Current body weight.
A11: BMI (auto) | B11: =B10/((B9/100)^2) | C11: Auto-calculated from height and weight.
A12: Body fat % (estimate) | B12: 14 | C12: Best estimate — skinfold, BIA, or visual estimate.
A13: Wingspan (cm, optional) | B13: 188 | C13: Arm span — fingertip to fingertip. Leave blank if not measured (will fall back to height).
A14: Wingspan / height ratio (auto) | B14: =IF(B13="",1,B13/B9) | C14: Auto-calculated. 1.0 = wingspan equals height. NBA average is 1.063.
A16: Derived demand profile (from archetype — do not edit)
A17: Aerobic endurance | B17: =IFERROR(INDEX($B$47:$I$52,MATCH($B$7,$A$47:$A$52,0),1),5) | C17: Auto-derived from archetype. Do not edit.
A18: Anaerobic capacity | B18: =IFERROR(INDEX($B$47:$I$52,MATCH($B$7,$A$47:$A$52,0),2),5) | C18: Auto-derived from archetype. Do not edit.
A19: Max strength | B19: =IFERROR(INDEX($B$47:$I$52,MATCH($B$7,$A$47:$A$52,0),3),5) | C19: Auto-derived from archetype. Do not edit.
A20: Explosive power | B20: =IFERROR(INDEX($B$47:$I$52,MATCH($B$7,$A$47:$A$52,0),4),5) | C20: Auto-derived from archetype. Do not edit.
A21: Pure speed | B21: =IFERROR(INDEX($B$47:$I$52,MATCH($B$7,$A$47:$A$52,0),5),5) | C21: Auto-derived from archetype. Do not edit.
A22: Flexibility / mobility | B22: =IFERROR(INDEX($B$47:$I$52,MATCH($B$7,$A$47:$A$52,0),6),5) | C22: Auto-derived from archetype. Do not edit.
A23: Coordination / skill | B23: =IFERROR(INDEX($B$47:$I$52,MATCH($B$7,$A$47:$A$52,0),7),5) | C23: Auto-derived from archetype. Do not edit.
A24: Reaction time | B24: =IFERROR(INDEX($B$47:$I$52,MATCH($B$7,$A$47:$A$52,0),8),5) | C24: Auto-derived from archetype. Do not edit.
A26: Preferences & constraints
A27: Team vs solo preference (Team / Solo / Either) | B27: Team | C27: Hard preference. 'Either' opens up both.
A28: Contact tolerance (None / Light / Medium / Heavy) | B28: Heavy | C28: Maximum contact you're happy with. Sports exceeding this are penalised.
A29: Outdoor importance (essential / nice / neutral / indoor) | B29: nice | C29: "essential" = must be outdoor; "nice" = prefer outdoor; "neutral" = no preference; "indoor" = prefer indoor.
A30: Comfortable in water? (Yes / No) | B30: Yes | C30: If No, all water-based sports are excluded.
A31: Budget for equipment (Low / Medium / High) | B31: Medium | C31: Low <€200, Medium €200–1000, High >€1000 to start. Sports exceeding budget are penalised.
A32: Ireland-based? (Yes / No) | B32: Yes | C32: If Yes, the Ireland-accessibility weight kicks in.
A33: Experience (none / short / medium / long) | B33: medium | C33: "none"=never competed; "short"=under 2y; "medium"=2-5y; "long"=over 5y. Sports requiring childhood entry get 0.7x enjoyment for "none".
A34: Sports enjoyed — team_field? (Yes/No) | B34: No | C34: Yes = 15% enjoyment boost for sports in this category. (GAA, soccer, rugby, hockey, AFL)
A35: Sports enjoyed — team_court? (Yes/No) | B35: No | C35: Yes = 15% enjoyment boost for sports in this category. (Basketball, volleyball, netball)
A36: Sports enjoyed — racquet? (Yes/No) | B36: No | C36: Yes = 15% enjoyment boost for sports in this category. (Tennis, badminton, squash, table tennis)
A37: Sports enjoyed — combat? (Yes/No) | B37: No | C37: Yes = 15% enjoyment boost for sports in this category. (Boxing, MMA, wrestling, judo, taekwondo)
A38: Sports enjoyed — water? (Yes/No) | B38: No | C38: Yes = 15% enjoyment boost for sports in this category. (Swimming, surfing, sailing, water polo)
... A41: Sports enjoyed — technical? (Yes/No) | B41: No | C41: Yes = 15% enjoyment boost for sports in this category. (Climbing, gymnastics, dance, archery)
A42: Age group (under30 / 30to45 / 46to60 / 61plus) | B42: under30
A43: Injury status (none / minor / joint / significant) | B43: none
A45: Archetype demand lookup table (read-only reference)
A46: Archetype | B46: Aerobic | C46: Anaerobic | D46: Max strength | E46: Power | F46: Speed | G46: Flexibility | H46: Coordination | I46: Reaction
A47: endurance | B47: 9 | C47: 7 | D47: 4 | E47: 5 | F47: 6 | G47: 5 | H47: 6 | I47: 5
A48: strength | B48: 4 | C48: 6 | D48: 9 | E48: 8 | F48: 4 | G48: 4 | H48: 5 | I48: 5
A49: explosive | B49: 5 | C49: 9 | D49: 7 | E49: 9 | F49: 9 | G49: 6 | H49: 7 | I49: 8
A50: skill | B50: 6 | C50: 6 | D50: 5 | E50: 6 | F50: 6 | G50: 7 | H50: 9 | I50: 9
A51: balanced | B51: 6 | C51: 6 | D51: 6 | E51: 6 | F51: 6 | G51: 6 | H51: 6 | I51: 6
A52: untrained | B52: 4 | C52: 4 | D52: 4 | E52: 4 | F52: 4 | G52: 4 | H52: 5 | I52: 5

Sheet Built For
A1: Sports your body is built for
A2: Ranked by physiological fit — your measurements vs elite-athlete profiles. May surface sports you've never considered.
A4: # | B4: Sport | C4: Position / Discipline | D4: Category | E4: Built-for | F4: Enjoyment
A5: 1 | B5: =INDEX(Scoring!$B:$B,MATCH($H$5,Scoring!$T$2:$T$112,0)+1) | C5: =INDEX(Scoring!$C:$C,MATCH($H$5,Scoring!$T$2:$T$112,0)+1) | D5: =INDEX(Scoring!$D:$D,MATCH($H$5,Scoring!$T$2:$T$112,0)+1) | E5: =INDEX(Scoring!$J:$J,MATCH($H$5,Scoring!$T$2:$T$112,0)+1) | F5: =INDEX(Scoring!$R:$R,MATCH($H$5,Scoring!$T$2:$T$112,0)+1) | H5: =LARGE(Scoring!$T$2:$T$112,1)
A6: 2 | B6: =INDEX(Scoring!$B:$B,MATCH($H$6,Scoring!$T$2:$T$112,0)+1) | C6: =INDEX(Scoring!$C:$C,MATCH($H$6,Scoring!$T$2:$T$112,0)+1) | D6: =INDEX(Scoring!$D:$D,MATCH($H$6,Scoring!$T$2:$T$112,0)+1) | E6: =INDEX(Scoring!$J:$J,MATCH($H$6,Scoring!$T$2:$T$112,0)+1) | F6: =INDEX(Scoring!$R:$R,MATCH($H$6,Scoring!$T$2:$T$112,0)+1) | H6: =LARGE(Scoring!$T$2:$T$112,2)
A7: 3 | B7: =INDEX(Scoring!$B:$B,MATCH($H$7,Scoring!$T$2:$T$112,0)+1) | C7: =INDEX(Scoring!$C:$C,MATCH($H$7,Scoring!$T$2:$T$112,0)+1) | D7: =INDEX(Scoring!$D:$D,MATCH($H$7,Scoring!$T$2:$T$112,0)+1) | E7: =INDEX(Scoring!$J:$J,MATCH($H$7,Scoring!$T$2:$T$112,0)+1) | F7: =INDEX(Scoring!$R:$R,MATCH($H$7,Scoring!$T$2:$T$112,0)+1) | H7: =LARGE(Scoring!$T$2:$T$112,3)
A8: 4 | B8: =INDEX(Scoring!$B:$B,MATCH($H$8,Scoring!$T$2:$T$112,0)+1) | C8: =INDEX(Scoring!$C:$C,MATCH($H$8,Scoring!$T$2:$T$112,0)+1) | D8: =INDEX(Scoring!$D:$D,MATCH($H$8,Scoring!$T$2:$T$112,0)+1) | E8: =INDEX(Scoring!$J:$J,MATCH($H$8,Scoring!$T$2:$T$112,0)+1) | F8: =INDEX(Scoring!$R:$R,MATCH($H$8,Scoring!$T$2:$T$112,0)+1) | H8: =LARGE(Scoring!$T$2:$T$112,4)
A9: 5 | B9: =INDEX(Scoring!$B:$B,MATCH($H$9,Scoring!$T$2:$T$112,0)+1) | C9: =INDEX(Scoring!$C:$C,MATCH($H$9,Scoring!$T$2:$T$112,0)+1) | D9: =INDEX(Scoring!$D:$D,MATCH($H$9,Scoring!$T$2:$T$112,0)+1) | E9: =INDEX(Scoring!$J:$J,MATCH($H$9,Scoring!$T$2:$T$112,0)+1) | F9: =INDEX(Scoring!$R:$R,MATCH($H$9,Scoring!$T$2:$T$112,0)+1) | H9: =LARGE(Scoring!$T$2:$T$112,5)
A10: 6 | B10: =INDEX(Scoring!$B:$B,MATCH($H$10,Scoring!$T$2:$T$112,0)+1) | C10: =INDEX(Scoring!$C:$C,MATCH($H$10,Scoring!$T$2:$T$112,0)+1) | D10: =INDEX(Scoring!$D:$D,MATCH($H$10,Scoring!$T$2:$T$112,0)+1) | E10: =INDEX(Scoring!$J:$J,MATCH($H$10,Scoring!$T$2:$T$112,0)+1) | F10: =INDEX(Scoring!$R:$R,MATCH($H$10,Scoring!$T$2:$T$112,0)+1) | H10: =LARGE(Scoring!$T$2:$T$112,6)
A11: 7 | B11: =INDEX(Scoring!$B:$B,MATCH($H$11,Scoring!$T$2:$T$112,0)+1) | C11: =INDEX(Scoring!$C:$C,MATCH($H$11,Scoring!$T$2:$T$112,0)+1) | D11: =INDEX(Scoring!$D:$D,MATCH($H$11,Scoring!$T$2:$T$112,0)+1) | E11: =INDEX(Scoring!$J:$J,MATCH($H$11,Scoring!$T$2:$T$112,0)+1) | F11: =INDEX(Scoring!$R:$R,MATCH($H$11,Scoring!$T$2:$T$112,0)+1) | H11: =LARGE(Scoring!$T$2:$T$112,7)
A12: 8 | B12: =INDEX(Scoring!$B:$B,MATCH($H$12,Scoring!$T$2:$T$112,0)+1) | C12: =INDEX(Scoring!$C:$C,MATCH($H$12,Scoring!$T$2:$T$112,0)+1) | D12: =INDEX(Scoring!$D:$D,MATCH($H$12,Scoring!$T$2:$T$112,0)+1) | E12: =INDEX(Scoring!$J:$J,MATCH($H$12,Scoring!$T$2:$T$112,0)+1) | F12: =INDEX(Scoring!$R:$R,MATCH($H$12,Scoring!$T$2:$T$112,0)+1) | H12: =LARGE(Scoring!$T$2:$T$112,8)
A13: 9 | B13: =INDEX(Scoring!$B:$B,MATCH($H$13,Scoring!$T$2:$T$112,0)+1) | C13: =INDEX(Scoring!$C:$C,MATCH($H$13,Scoring!$T$2:$T$112,0)+1) | D13: =INDEX(Scoring!$D:$D,MATCH($H$13,Scoring!$T$2:$T$112,0)+1) | E13: =INDEX(Scoring!$J:$J,MATCH($H$13,Scoring!$T$2:$T$112,0)+1) | F13: =INDEX(Scoring!$R:$R,MATCH($H$13,Scoring!$T$2:$T$112,0)+1) | H13: =LARGE(Scoring!$T$2:$T$112,9)
A14: 10 | B14: =INDEX(Scoring!$B:$B,MATCH($H$14,Scoring!$T$2:$T$112,0)+1) | C14: =INDEX(Scoring!$C:$C,MATCH($H$14,Scoring!$T$2:$T$112,0)+1) | D14: =INDEX(Scoring!$D:$D,MATCH($H$14,Scoring!$T$2:$T$112,0)+1) | E14: =INDEX(Scoring!$J:$J,MATCH($H$14,Scoring!$T$2:$T$112,0)+1) | F14: =INDEX(Scoring!$R:$R,MATCH($H$14,Scoring!$T$2:$T$112,0)+1) | H14: =LARGE(Scoring!$T$2:$T$112,10)
A15: 11 | B15: =INDEX(Scoring!$B:$B,MATCH($H$15,Scoring!$T$2:$T$112,0)+1) | C15: =INDEX(Scoring!$C:$C,MATCH($H$15,Scoring!$T$2:$T$112,0)+1) | D15: =INDEX(Scoring!$D:$D,MATCH($H$15,Scoring!$T$2:$T$112,0)+1) | E15: =INDEX(Scoring!$J:$J,MATCH($H$15,Scoring!$T$2:$T$112,0)+1) | F15: =INDEX(Scoring!$R:$R,MATCH($H$15,Scoring!$T$2:$T$112,0)+1) | H15: =LARGE(Scoring!$T$2:$T$112,11)
A16: 12 | B16: =INDEX(Scoring!$B:$B,MATCH($H$16,Scoring!$T$2:$T$112,0)+1) | C16: =INDEX(Scoring!$C:$C,MATCH($H$16,Scoring!$T$2:$T$112,0)+1) | D16: =INDEX(Scoring!$D:$D,MATCH($H$16,Scoring!$T$2:$T$112,0)+1) | E16: =INDEX(Scoring!$J:$J,MATCH($H$16,Scoring!$T$2:$T$112,0)+1) | F16: =INDEX(Scoring!$R:$R,MATCH($H$16,Scoring!$T$2:$T$112,0)+1) | H16: =LARGE(Scoring!$T$2:$T$112,12)
A17: 13 | B17: =INDEX(Scoring!$B:$B,MATCH($H$17,Scoring!$T$2:$T$112,0)+1) | C17: =INDEX(Scoring!$C:$C,MATCH($H$17,Scoring!$T$2:$T$112,0)+1) | D17: =INDEX(Scoring!$D:$D,MATCH($H$17,Scoring!$T$2:$T$112,0)+1) | E17: =INDEX(Scoring!$J:$J,MATCH($H$17,Scoring!$T$2:$T$112,0)+1) | F17: =INDEX(Scoring!$R:$R,MATCH($H$17,Scoring!$T$2:$T$112,0)+1) | H17: =LARGE(Scoring!$T$2:$T$112,13)
A18: 14 | B18: =INDEX(Scoring!$B:$B,MATCH($H$18,Scoring!$T$2:$T$112,0)+1) | C18: =INDEX(Scoring!$C:$C,MATCH($H$18,Scoring!$T$2:$T$112,0)+1) | D18: =INDEX(Scoring!$D:$D,MATCH($H$18,Scoring!$T$2:$T$112,0)+1) | E18: =INDEX(Scoring!$J:$J,MATCH($H$18,Scoring!$T$2:$T$112,0)+1) | F18: =INDEX(Scoring!$R:$R,MATCH($H$18,Scoring!$T$2:$T$112,0)+1) | H18: =LARGE(Scoring!$T$2:$T$112,14)
A19: 15 | B19: =INDEX(Scoring!$B:$B,MATCH($H$19,Scoring!$T$2:$T$112,0)+1) | C19: =INDEX(Scoring!$C:$C,MATCH($H$19,Scoring!$T$2:$T$112,0)+1) | D19: =INDEX(Scoring!$D:$D,MATCH($H$19,Scoring!$T$2:$T$112,0)+1) | E19: =INDEX(Scoring!$J:$J,MATCH($H$19,Scoring!$T$2:$T$112,0)+1) | F19: =INDEX(Scoring!$R:$R,MATCH($H$19,Scoring!$T$2:$T$112,0)+1) | H19: =LARGE(Scoring!$T$2:$T$112,15)
A21: ↑ Live — these rankings recalculate when you edit the User Input sheet.

Sheet You'd Enjoy
A1: Sports you'd probably enjoy most
A2: Ranked by preference fit — your stated likes vs sport characteristics. Reflects what you've told us you want.
A4: # | B4: Sport | C4: Position / Discipline | D4: Category | E4: Enjoyment | F4: Built-for
A5: 1 | B5: =INDEX(Scoring!$B:$B,MATCH($H$5,Scoring!$U$2:$U$112,0)+1) | C5: =INDEX(Scoring!$C:$C,MATCH($H$5,Scoring!$U$2:$U$112,0)+1) | D5: =INDEX(Scoring!$D:$D,MATCH($H$5,Scoring!$U$2:$U$112,0)+1) | E5: =INDEX(Scoring!$R:$R,MATCH($H$5,Scoring!$U$2:$U$112,0)+1) | F5: =INDEX(Scoring!$J:$J,MATCH($H$5,Scoring!$U$2:$U$112,0)+1) | H5: =LARGE(Scoring!$U$2:$U$112,1)
A6: 2 | B6: =INDEX(Scoring!$B:$B,MATCH($H$6,Scoring!$U$2:$U$112,0)+1) | C6: =INDEX(Scoring!$C:$C,MATCH($H$6,Scoring!$U$2:$U$112,0)+1) | D6: =INDEX(Scoring!$D:$D,MATCH($H$6,Scoring!$U$2:$U$112,0)+1) | E6: =INDEX(Scoring!$R:$R,MATCH($H$6,Scoring!$U$2:$U$112,0)+1) | F6: =INDEX(Scoring!$J:$J,MATCH($H$6,Scoring!$U$2:$U$112,0)+1) | H6: =LARGE(Scoring!$U$2:$U$112,2)
A7: 3 | B7: =INDEX(Scoring!$B:$B,MATCH($H$7,Scoring!$U$2:$U$112,0)+1) | C7: =INDEX(Scoring!$C:$C,MATCH($H$7,Scoring!$U$2:$U$112,0)+1) | D7: =INDEX(Scoring!$D:$D,MATCH($H$7,Scoring!$U$2:$U$112,0)+1) | E7: =INDEX(Scoring!$R:$R,MATCH($H$7,Scoring!$U$2:$U$112,0)+1) | F7: =INDEX(Scoring!$J:$J,MATCH($H$7,Scoring!$U$2:$U$112,0)+1) | H7: =LARGE(Scoring!$U$2:$U$112,3)
A8: 4 | B8: =INDEX(Scoring!$B:$B,MATCH($H$8,Scoring!$U$2:$U$112,0)+1) | C8: =INDEX(Scoring!$C:$C,MATCH($H$8,Scoring!$U$2:$U$112,0)+1) | D8: =INDEX(Scoring!$D:$D,MATCH($H$8,Scoring!$U$2:$U$112,0)+1) | E8: =INDEX(Scoring!$R:$R,MATCH($H$8,Scoring!$U$2:$U$112,0)+1) | F8: =INDEX(Scoring!$J:$J,MATCH($H$8,Scoring!$U$2:$U$112,0)+1) | H8: =LARGE(Scoring!$U$2:$U$112,4)
A9: 5 | B9: =INDEX(Scoring!$B:$B,MATCH($H$9,Scoring!$U$2:$U$112,0)+1) | C9: =INDEX(Scoring!$C:$C,MATCH($H$9,Scoring!$U$2:$U$112,0)+1) | D9: =INDEX(Scoring!$D:$D,MATCH($H$9,Scoring!$U$2:$U$112,0)+1) | E9: =INDEX(Scoring!$R:$R,MATCH($H$9,Scoring!$U$2:$U$112,0)+1) | F9: =INDEX(Scoring!$J:$J,MATCH($H$9,Scoring!$U$2:$U$112,0)+1) | H9: =LARGE(Scoring!$U$2:$U$112,5)
A10: 6 | B10: =INDEX(Scoring!$B:$B,MATCH($H$10,Scoring!$U$2:$U$112,0)+1) | C10: =INDEX(Scoring!$C:$C,MATCH($H$10,Scoring!$U$2:$U$112,0)+1) | D10: =INDEX(Scoring!$D:$D,MATCH($H$10,Scoring!$U$2:$U$112,0)+1) | E10: =INDEX(Scoring!$R:$R,MATCH($H$10,Scoring!$U$2:$U$112,0)+1) | F10: =INDEX(Scoring!$J:$J,MATCH($H$10,Scoring!$U$2:$U$112,0)+1) | H10: =LARGE(Scoring!$U$2:$U$112,6)
A11: 7 | B11: =INDEX(Scoring!$B:$B,MATCH($H$11,Scoring!$U$2:$U$112,0)+1) | C11: =INDEX(Scoring!$C:$C,MATCH($H$11,Scoring!$U$2:$U$112,0)+1) | D11: =INDEX(Scoring!$D:$D,MATCH($H$11,Scoring!$U$2:$U$112,0)+1) | E11: =INDEX(Scoring!$R:$R,MATCH($H$11,Scoring!$U$2:$U$112,0)+1) | F11: =INDEX(Scoring!$J:$J,MATCH($H$11,Scoring!$U$2:$U$112,0)+1) | H11: =LARGE(Scoring!$U$2:$U$112,7)
A12: 8 | B12: =INDEX(Scoring!$B:$B,MATCH($H$12,Scoring!$U$2:$U$112,0)+1) | C12: =INDEX(Scoring!$C:$C,MATCH($H$12,Scoring!$U$2:$U$112,0)+1) | D12: =INDEX(Scoring!$D:$D,MATCH($H$12,Scoring!$U$2:$U$112,0)+1) | E12: =INDEX(Scoring!$R:$R,MATCH($H$12,Scoring!$U$2:$U$112,0)+1) | F12: =INDEX(Scoring!$J:$J,MATCH($H$12,Scoring!$U$2:$U$112,0)+1) | H12: =LARGE(Scoring!$U$2:$U$112,8)
A13: 9 | B13: =INDEX(Scoring!$B:$B,MATCH($H$13,Scoring!$U$2:$U$112,0)+1) | C13: =INDEX(Scoring!$C:$C,MATCH($H$13,Scoring!$U$2:$U$112,0)+1) | D13: =INDEX(Scoring!$D:$D,MATCH($H$13,Scoring!$U$2:$U$112,0)+1) | E13: =INDEX(Scoring!$R:$R,MATCH($H$13,Scoring!$U$2:$U$112,0)+1) | F13: =INDEX(Scoring!$J:$J,MATCH($H$13,Scoring!$U$2:$U$112,0)+1) | H13: =LARGE(Scoring!$U$2:$U$112,9)
A14: 10 | B14: =INDEX(Scoring!$B:$B,MATCH($H$14,Scoring!$U$2:$U$112,0)+1) | C14: =INDEX(Scoring!$C:$C,MATCH($H$14,Scoring!$U$2:$U$112,0)+1) | D14: =INDEX(Scoring!$D:$D,MATCH($H$14,Scoring!$U$2:$U$112,0)+1) | E14: =INDEX(Scoring!$R:$R,MATCH($H$14,Scoring!$U$2:$U$112,0)+1) | F14: =INDEX(Scoring!$J:$J,MATCH($H$14,Scoring!$U$2:$U$112,0)+1) | H14: =LARGE(Scoring!$U$2:$U$112,10)
A15: 11 | B15: =INDEX(Scoring!$B:$B,MATCH($H$15,Scoring!$U$2:$U$112,0)+1) | C15: =INDEX(Scoring!$C:$C,MATCH($H$15,Scoring!$U$2:$U$112,0)+1) | D15: =INDEX(Scoring!$D:$D,MATCH($H$15,Scoring!$U$2:$U$112,0)+1) | E15: =INDEX(Scoring!$R:$R,MATCH($H$15,Scoring!$U$2:$U$112,0)+1) | F15: =INDEX(Scoring!$J:$J,MATCH($H$15,Scoring!$U$2:$U$112,0)+1) | H15: =LARGE(Scoring!$U$2:$U$112,11)
A16: 12 | B16: =INDEX(Scoring!$B:$B,MATCH($H$16,Scoring!$U$2:$U$112,0)+1) | C16: =INDEX(Scoring!$C:$C,MATCH($H$16,Scoring!$U$2:$U$112,0)+1) | D16: =INDEX(Scoring!$D:$D,MATCH($H$16,Scoring!$U$2:$U$112,0)+1) | E16: =INDEX(Scoring!$R:$R,MATCH($H$16,Scoring!$U$2:$U$112,0)+1) | F16: =INDEX(Scoring!$J:$J,MATCH($H$16,Scoring!$U$2:$U$112,0)+1) | H16: =LARGE(Scoring!$U$2:$U$112,12)
A17: 13 | B17: =INDEX(Scoring!$B:$B,MATCH($H$17,Scoring!$U$2:$U$112,0)+1) | C17: =INDEX(Scoring!$C:$C,MATCH($H$17,Scoring!$U$2:$U$112,0)+1) | D17: =INDEX(Scoring!$D:$D,MATCH($H$17,Scoring!$U$2:$U$112,0)+1) | E17: =INDEX(Scoring!$R:$R,MATCH($H$17,Scoring!$U$2:$U$112,0)+1) | F17: =INDEX(Scoring!$J:$J,MATCH($H$17,Scoring!$U$2:$U$112,0)+1) | H17: =LARGE(Scoring!$U$2:$U$112,13)
A18: 14 | B18: =INDEX(Scoring!$B:$B,MATCH($H$18,Scoring!$U$2:$U$112,0)+1) | C18: =INDEX(Scoring!$C:$C,MATCH($H$18,Scoring!$U$2:$U$112,0)+1) | D18: =INDEX(Scoring!$D:$D,MATCH($H$18,Scoring!$U$2:$U$112,0)+1) | E18: =INDEX(Scoring!$R:$R,MATCH($H$18,Scoring!$U$2:$U$112,0)+1) | F18: =INDEX(Scoring!$J:$J,MATCH($H$18,Scoring!$U$2:$U$112,0)+1) | H18: =LARGE(Scoring!$U$2:$U$112,14)
A19: 15 | B19: =INDEX(Scoring!$B:$B,MATCH($H$19,Scoring!$U$2:$U$112,0)+1) | C19: =INDEX(Scoring!$C:$C,MATCH($H$19,Scoring!$U$2:$U$112,0)+1) | D19: =INDEX(Scoring!$D:$D,MATCH($H$19,Scoring!$U$2:$U$112,0)+1) | E19: =INDEX(Scoring!$R:$R,MATCH($H$19,Scoring!$U$2:$U$112,0)+1) | F19: =INDEX(Scoring!$J:$J,MATCH($H$19,Scoring!$U$2:$U$112,0)+1) | H19: =LARGE(Scoring!$U$2:$U$112,15)
A21: ↑ Live — these rankings recalculate when you edit the User Input sheet.

Sheet Best Overall
A1: Best overall matches — the real recommendation
A2: Ranked by combined score (50% built-for + 50% enjoyment). Sports here are where your body and your preferences agree.
A4: # | B4: Sport | C4: Position / Discipline | D4: Category | E4: TOTAL | F4: Built / Enjoy
A5: 1 | B5: =INDEX(Scoring!$B:$B,MATCH($H$5,Scoring!$V$2:$V$112,0)+1) | C5: =INDEX(Scoring!$C:$C,MATCH($H$5,Scoring!$V$2:$V$112,0)+1) | D5: =INDEX(Scoring!$D:$D,MATCH($H$5,Scoring!$V$2:$V$112,0)+1) | E5: =INDEX(Scoring!$S:$S,MATCH($H$5,Scoring!$V$2:$V$112,0)+1) | F5: =INDEX(Scoring!$J:$J,MATCH($H$5,Scoring!$V$2:$V$112,0)+1)&" / "&INDEX(Scoring!$R:$R,MATCH($H$5,Scoring!$V$2:$V$112,0)+1) | H5: =LARGE(Scoring!$V$2:$V$112,1)
A6: 2 | B6: =INDEX(Scoring!$B:$B,MATCH($H$6,Scoring!$V$2:$V$112,0)+1) | C6: =INDEX(Scoring!$C:$C,MATCH($H$6,Scoring!$V$2:$V$112,0)+1) | D6: =INDEX(Scoring!$D:$D,MATCH($H$6,Scoring!$V$2:$V$112,0)+1) | E6: =INDEX(Scoring!$S:$S,MATCH($H$6,Scoring!$V$2:$V$112,0)+1) | F6: =INDEX(Scoring!$J:$J,MATCH($H$6,Scoring!$V$2:$V$112,0)+1)&" / "&INDEX(Scoring!$R:$R,MATCH($H$6,Scoring!$V$2:$V$112,0)+1) | H6: =LARGE(Scoring!$V$2:$V$112,2)
A7: 3 | B7: =INDEX(Scoring!$B:$B,MATCH($H$7,Scoring!$V$2:$V$112,0)+1) | C7: =INDEX(Scoring!$C:$C,MATCH($H$7,Scoring!$V$2:$V$112,0)+1) | D7: =INDEX(Scoring!$D:$D,MATCH($H$7,Scoring!$V$2:$V$112,0)+1) | E7: =INDEX(Scoring!$S:$S,MATCH($H$7,Scoring!$V$2:$V$112,0)+1) | F7: =INDEX(Scoring!$J:$J,MATCH($H$7,Scoring!$V$2:$V$112,0)+1)&" / "&INDEX(Scoring!$R:$R,MATCH($H$7,Scoring!$V$2:$V$112,0)+1) | H7: =LARGE(Scoring!$V$2:$V$112,3)
A8: 4 | B8: =INDEX(Scoring!$B:$B,MATCH($H$8,Scoring!$V$2:$V$112,0)+1) | C8: =INDEX(Scoring!$C:$C,MATCH($H$8,Scoring!$V$2:$V$112,0)+1) | D8: =INDEX(Scoring!$D:$D,MATCH($H$8,Scoring!$V$2:$V$112,0)+1) | E8: =INDEX(Scoring!$S:$S,MATCH($H$8,Scoring!$V$2:$V$112,0)+1) | F8: =INDEX(Scoring!$J:$J,MATCH($H$8,Scoring!$V$2:$V$112,0)+1)&" / "&INDEX(Scoring!$R:$R,MATCH($H$8,Scoring!$V$2:$V$112,0)+1) | H8: =LARGE(Scoring!$V$2:$V$112,4)
A9: 5 | B9: =INDEX(Scoring!$B:$B,MATCH($H$9,Scoring!$V$2:$V$112,0)+1) | C9: =INDEX(Scoring!$C:$C,MATCH($H$9,Scoring!$V$2:$V$112,0)+1) | D9: =INDEX(Scoring!$D:$D,MATCH($H$9,Scoring!$V$2:$V$112,0)+1) | E9: =INDEX(Scoring!$S:$S,MATCH($H$9,Scoring!$V$2:$V$112,0)+1) | F9: =INDEX(Scoring!$J:$J,MATCH($H$9,Scoring!$V$2:$V$112,0)+1)&" / "&INDEX(Scoring!$R:$R,MATCH($H$9,Scoring!$V$2:$V$112,0)+1) | H9: =LARGE(Scoring!$V$2:$V$112,5)
A10: 6 | B10: =INDEX(Scoring!$B:$B,MATCH($H$10,Scoring!$V$2:$V$112,0)+1) | C10: =INDEX(Scoring!$C:$C,MATCH($H$10,Scoring!$V$2:$V$112,0)+1) | D10: =INDEX(Scoring!$D:$D,MATCH($H$10,Scoring!$V$2:$V$112,0)+1) | E10: =INDEX(Scoring!$S:$S,MATCH($H$10,Scoring!$V$2:$V$112,0)+1) | F10: =INDEX(Scoring!$J:$J,MATCH($H$10,Scoring!$V$2:$V$112,0)+1)&" / "&INDEX(Scoring!$R:$R,MATCH($H$10,Scoring!$V$2:$V$112,0)+1) | H10: =LARGE(Scoring!$V$2:$V$112,6)
A11: 7 | B11: =INDEX(Scoring!$B:$B,MATCH($H$11,Scoring!$V$2:$V$112,0)+1) | C11: =INDEX(Scoring!$C:$C,MATCH($H$11,Scoring!$V$2:$V$112,0)+1) | D11: =INDEX(Scoring!$D:$D,MATCH($H$11,Scoring!$V$2:$V$112,0)+1) | E11: =INDEX(Scoring!$S:$S,MATCH($H$11,Scoring!$V$2:$V$112,0)+1) | F11: =INDEX(Scoring!$J:$J,MATCH($H$11,Scoring!$V$2:$V$112,0)+1)&" / "&INDEX(Scoring!$R:$R,MATCH($H$11,Scoring!$V$2:$V$112,0)+1) | H11: =LARGE(Scoring!$V$2:$V$112,7)
A12: 8 | B12: =INDEX(Scoring!$B:$B,MATCH($H$12,Scoring!$V$2:$V$112,0)+1) | C12: =INDEX(Scoring!$C:$C,MATCH($H$12,Scoring!$V$2:$V$112,0)+1) | D12: =INDEX(Scoring!$D:$D,MATCH($H$12,Scoring!$V$2:$V$112,0)+1) | E12: =INDEX(Scoring!$S:$S,MATCH($H$12,Scoring!$V$2:$V$112,0)+1) | F12: =INDEX(Scoring!$J:$J,MATCH($H$12,Scoring!$V$2:$V$112,0)+1)&" / "&INDEX(Scoring!$R:$R,MATCH($H$12,Scoring!$V$2:$V$112,0)+1) | H12: =LARGE(Scoring!$V$2:$V$112,8)
A13: 9 | B13: =INDEX(Scoring!$B:$B,MATCH($H$13,Scoring!$V$2:$V$112,0)+1) | C13: =INDEX(Scoring!$C:$C,MATCH($H$13,Scoring!$V$2:$V$112,0)+1) | D13: =INDEX(Scoring!$D:$D,MATCH($H$13,Scoring!$V$2:$V$112,0)+1) | E13: =INDEX(Scoring!$S:$S,MATCH($H$13,Scoring!$V$2:$V$112,0)+1) | F13: =INDEX(Scoring!$J:$J,MATCH($H$13,Scoring!$V$2:$V$112,0)+1)&" / "&INDEX(Scoring!$R:$R,MATCH($H$13,Scoring!$V$2:$V$112,0)+1) | H13: =LARGE(Scoring!$V$2:$V$112,9)
A14: 10 | B14: =INDEX(Scoring!$B:$B,MATCH($H$14,Scoring!$V$2:$V$112,0)+1) | C14: =INDEX(Scoring!$C:$C,MATCH($H$14,Scoring!$V$2:$V$112,0)+1) | D14: =INDEX(Scoring!$D:$D,MATCH($H$14,Scoring!$V$2:$V$112,0)+1) | E14: =INDEX(Scoring!$S:$S,MATCH($H$14,Scoring!$V$2:$V$112,0)+1) | F14: =INDEX(Scoring!$J:$J,MATCH($H$14,Scoring!$V$2:$V$112,0)+1)&" / "&INDEX(Scoring!$R:$R,MATCH($H$14,Scoring!$V$2:$V$112,0)+1) | H14: =LARGE(Scoring!$V$2:$V$112,10)
A15: 11 | B15: =INDEX(Scoring!$B:$B,MATCH($H$15,Scoring!$V$2:$V$112,0)+1) | C15: =INDEX(Scoring!$C:$C,MATCH($H$15,Scoring!$V$2:$V$112,0)+1) | D15: =INDEX(Scoring!$D:$D,MATCH($H$15,Scoring!$V$2:$V$112,0)+1) | E15: =INDEX(Scoring!$S:$S,MATCH($H$15,Scoring!$V$2:$V$112,0)+1) | F15: =INDEX(Scoring!$J:$J,MATCH($H$15,Scoring!$V$2:$V$112,0)+1)&" / "&INDEX(Scoring!$R:$R,MATCH($H$15,Scoring!$V$2:$V$112,0)+1) | H15: =LARGE(Scoring!$V$2:$V$112,11)
A16: 12 | B16: =INDEX(Scoring!$B:$B,MATCH($H$16,Scoring!$V$2:$V$112,0)+1) | C16: =INDEX(Scoring!$C:$C,MATCH($H$16,Scoring!$V$2:$V$112,0)+1) | D16: =INDEX(Scoring!$D:$D,MATCH($H$16,Scoring!$V$2:$V$112,0)+1) | E16: =INDEX(Scoring!$S:$S,MATCH($H$16,Scoring!$V$2:$V$112,0)+1) | F16: =INDEX(Scoring!$J:$J,MATCH($H$16,Scoring!$V$2:$V$112,0)+1)&" / "&INDEX(Scoring!$R:$R,MATCH($H$16,Scoring!$V$2:$V$112,0)+1) | H16: =LARGE(Scoring!$V$2:$V$112,12)
A17: 13 | B17: =INDEX(Scoring!$B:$B,MATCH($H$17,Scoring!$V$2:$V$112,0)+1) | C17: =INDEX(Scoring!$C:$C,MATCH($H$17,Scoring!$V$2:$V$112,0)+1) | D17: =INDEX(Scoring!$D:$D,MATCH($H$17,Scoring!$V$2:$V$112,0)+1) | E17: =INDEX(Scoring!$S:$S,MATCH($H$17,Scoring!$V$2:$V$112,0)+1) | F17: =INDEX(Scoring!$J:$J,MATCH($H$17,Scoring!$V$2:$V$112,0)+1)&" / "&INDEX(Scoring!$R:$R,MATCH($H$17,Scoring!$V$2:$V$112,0)+1) | H17: =LARGE(Scoring!$V$2:$V$112,13)
A18: 14 | B18: =INDEX(Scoring!$B:$B,MATCH($H$18,Scoring!$V$2:$V$112,0)+1) | C18: =INDEX(Scoring!$C:$C,MATCH($H$18,Scoring!$V$2:$V$112,0)+1) | D18: =INDEX(Scoring!$D:$D,MATCH($H$18,Scoring!$V$2:$V$112,0)+1) | E18: =INDEX(Scoring!$S:$S,MATCH($H$18,Scoring!$V$2:$V$112,0)+1) | F18: =INDEX(Scoring!$J:$J,MATCH($H$18,Scoring!$V$2:$V$112,0)+1)&" / "&INDEX(Scoring!$R:$R,MATCH($H$18,Scoring!$V$2:$V$112,0)+1) | H18: =LARGE(Scoring!$V$2:$V$112,14)
A19: 15 | B19: =INDEX(Scoring!$B:$B,MATCH($H$19,Scoring!$V$2:$V$112,0)+1) | C19: =INDEX(Scoring!$C:$C,MATCH($H$19,Scoring!$V$2:$V$112,0)+1) | D19: =INDEX(Scoring!$D:$D,MATCH($H$19,Scoring!$V$2:$V$112,0)+1) | E19: =INDEX(Scoring!$S:$S,MATCH($H$19,Scoring!$V$2:$V$112,0)+1) | F19: =INDEX(Scoring!$J:$J,MATCH($H$19,Scoring!$V$2:$V$112,0)+1)&" / "&INDEX(Scoring!$R:$R,MATCH($H$19,Scoring!$V$2:$V$112,0)+1) | H19: =LARGE(Scoring!$V$2:$V$112,15)
A21: ↑ Live — these rankings recalculate when you edit the User Input sheet.

Sheet Scoring
A1: Sport ID | B1: Sport | C1: Position | D1: Category | E1: Height penalty | F1: Weight penalty | G1: BF% penalty | H1: Wingspan penalty | I1: Demand-profile fit (0–100) | J1: Built-for score (0–100) | K1: Sex match | L1: Team/solo match | M1: Contact match | N1: Env match | O1: Water OK | P1: Budget OK | Q1: Ireland fit | R1: Enjoyment score (0–100) | S1: TOTAL (0–100) | T1: _tb_built | U1: _tb_enjoy | V1: _tb_total | W1: Category boost | X1: Experience fit | Y1: Age fit | Z1: Injury fit
A2: =Profiles!A3 | B2: =Profiles!B3 | C2: =Profiles!C3 | D2: =Profiles!D3 | E2: =IF(ISNUMBER(Profiles!E3),IF(ISNUMBER(Profiles!F3),MAX(0,1-(MAX(0,ABS('User Input'!$B$9-Profiles!E3)-Profiles!F3))/Profiles!F3/3),MAX(0,1-ABS('User Input'!$B$9-Profiles!E3)/(Profiles!E3*0.1)/3)),0.5) | F2: =IF(ISNUMBER(Profiles!G3),IF(ISNUMBER(Profiles!H3),MAX(0,1-(MAX(0,ABS('User Input'!$B$10-Profiles!G3)-Profiles!H3))/Profiles!H3/3),MAX(0,1-ABS('User Input'!$B$10-Profiles!G3)/(Profiles!G3*0.15)/3)),0.5) | G2: =IF(ISNUMBER(Profiles!J3),MAX(0,1-ABS('User Input'!$B$12-Profiles!J3)/5/3),0.5) | H2: =IF(ISNUMBER(Profiles!K3),MAX(0,1-ABS('User Input'!$B$14-Profiles!K3)/0.03/3),"n/a") | I2: =100*MAX(0,1-(MAX(0,Profiles!M3-'User Input'!$B$17)+0.5*MAX(0,'User Input'!$B$17-Profiles!M3)+MAX(0,Profiles!N3-'User Input'!$B$18)+0.5*MAX(0,'User Input'!$B$18-Profiles!N3)+MAX(0,Profiles!O3-'User Input'!$B$19)+0.5*MAX(0,'User Input'!$B$19-Profiles!O3)+MAX(0,Profiles!P3-'User Input'!$B$20)+0.5*MAX(0,'User Input'!$B$20-Profiles!P3)+MAX(0,Profiles!Q3-'User Input'!$B$21)+0.5*MAX(0,'User Input'!$B$21-Profiles!Q3)+MAX(0,Profiles!S3-'User Input'!$B$22)+0.5*MAX(0,'User Input'!$B$22-Profiles!S3)+MAX(0,Profiles!T3-'User Input'!$B$23)+0.5*MAX(0,'User Input'!$B$23-Profiles!T3)+MAX(0,Profiles!U3-'User Input'!$B$24)+0.5*MAX(0,'User Input'!$B$24-Profiles!U3))/40) | J2: =ROUND(60*(E2+F2+G2+IFERROR(VALUE(H2),(E2+F2+G2)/3))/4 + 0.4*I2,1) | K2: =IF(OR(AND('User Input'!$B$6="M",Profiles!$AG3="M"),AND('User Input'!$B$6="F",Profiles!$AG3="F")),1,0) | L2: =IF('User Input'!$B$27="Either",(IF(Profiles!V3>=4,1,0.3)+IF(OR(Profiles!V3<=2,ISNUMBER(SEARCH("Individual",Profiles!D3))),1,0.3))/2,IF('User Input'!$B$27="Team",IF(Profiles!V3>=4,1,0.3),IF(OR(Profiles!V3<=2,ISNUMBER(SEARCH("Individual",Profiles!D3))),1,0.3))) | M2: =IF(IFERROR(MATCH(Profiles!W3,{"None","Light","Medium","Heavy"},0)-1,0)<=IFERROR(MATCH('User Input'!$B$28,{"None","Light","Medium","Heavy"},0)-1,3),1,MAX(0,1-0.4*(IFERROR(MATCH(Profiles!W3,{"None","Light","Medium","Heavy"},0)-1,0)-IFERROR(MATCH('User Input'!$B$28,{"None","Light","Medium","Heavy"},0)-1,3)))) | N2: =IF('User Input'!$B$29="neutral",1,IF('User Input'!$B$29="essential",IF(ISNUMBER(SEARCH("Outdoor",Profiles!X3)),1,0.3),IF('User Input'!$B$29="nice",IF(ISNUMBER(SEARCH("Outdoor",Profiles!X3)),1,0.65),IF('User Input'!$B$29="indoor",IF(ISNUMBER(SEARCH("Indoor",Profiles!X3)),1,0.4),1)))) | O2: =IF('User Input'!$B$30="Yes",1,IF(Profiles!Y3="Yes",0,1)) | P2: =IF(IFERROR(MATCH(Profiles!Z3,{"Low","Medium","High"},0),2)<=IFERROR(MATCH('User Input'!$B$31,{"Low","Medium","High"},0),2),1,MAX(0,1-0.4*(IFERROR(MATCH(Profiles!Z3,{"Low","Medium","High"},0),2)-IFERROR(MATCH('User Input'!$B$31,{"Low","Medium","High"},0),2)))) | Q2: =IF('User Input'!$B$32="Yes",IF(ISNUMBER(Profiles!AC3),Profiles!AC3/10,0.5),1) | R2: =IF(OR(K2=0,O2=0),0,ROUND(MIN(100,100*(K2*0.1+L2*0.2+M2*0.2+N2*0.1+P2*0.15+Q2*0.25)*W2*X2*Y2*Z2),1)) | S2: =IF(R2=0,0,ROUND(0.5*J2+0.5*R2,1)) | T2: =J2-ROW()/1000000 | U2: =R2-ROW()/1000000 | V2: =S2-ROW()/1000000 | W2: =IF(OR(AND(OR(Profiles!D3="Team field",Profiles!D3="Team field contact",Profiles!D3="Team field stick"),'User Input'!$B$34="Yes"),AND(OR(Profiles!D3="Team court",Profiles!D3="Team court contact"),'User Input'!$B$35="Yes"),AND(Profiles!D3="Individual racquet",'User Input'!$B$36="Yes"),AND(OR(Profiles!D3="Combat striking",Profiles!D3="Combat grappling",Profiles!D3="Combat mixed"),'User Input'!$B$37="Yes"),AND(OR(Profiles!D3="Team water contact",Profiles!D3="Individual water"),'User Input'!$B$38="Yes"),AND(OR(Profiles!D3="Endurance individual",Profiles!D3="Endurance individual / pair",Profiles!D3="Endurance individual / pursuit",Profiles!D3="Endurance team / pair",Profiles!D3="Endurance multi"),'User Input'!$B$39="Yes"),AND(OR(Profiles!D3="Strength individual",Profiles!D3="Power-throw individual"),'User Input'!$B$40="Yes"),AND(OR(Profiles!D3="Individual technical",Profiles!D3="Individual aesthetic",Profiles!D3="Team precision"),'User Input'!$B$41="Yes")),1.15,1) | X2: =IF('User Input'!$B$33<>"none",1,IF(IFERROR(VALUE(TRIM(MID(SUBSTITUTE(SUBSTITUTE(Profiles!AA3,"–","-"),"-",REPT(" ",100)),100,100)))<=14,FALSE),0.7,1)) | Y2: =IF(OR('User Input'!$B$42="under30",'User Input'!$B$42=""),1,IF('User Input'!$B$42="30to45",IF((IFERROR(MATCH(Profiles!W3,{"None","Light","Medium","Heavy"},0)-1,0)+IFERROR(MATCH(Profiles!AB3,{"Low","Medium","High"},0)-1,0))>=5,0.85,1),IF('User Input'!$B$42="46to60",IF((IFERROR(MATCH(Profiles!W3,{"None","Light","Medium","Heavy"},0)-1,0)+IFERROR(MATCH(Profiles!AB3,{"Low","Medium","High"},0)-1,0))>=5,0.65,IF((IFERROR(MATCH(Profiles!W3,{"None","Light","Medium","Heavy"},0)-1,0)+IFERROR(MATCH(Profiles!AB3,{"Low","Medium","High"},0)-1,0))>=4,0.8,IF((IFERROR(MATCH(Profiles!W3,{"None","Light","Medium","Heavy"},0)-1,0)+IFERROR(MATCH(Profiles!AB3,{"Low","Medium","High"},0)-1,0))>=3,0.9,1))),IF((IFERROR(MATCH(Profiles!W3,{"None","Light","Medium","Heavy"},0)-1,0)+IFERROR(MATCH(Profiles!AB3,{"Low","Medium","High"},0)-1,0))>=5,0.4,IF((IFERROR(MATCH(Profiles!W3,{"None","Light","Medium","Heavy"},0)-1,0)+IFERROR(MATCH(Profiles!AB3,{"Low","Medium","High"},0)-1,0))>=4,0.6,IF((IFERROR(MATCH(Profiles!W3,{"None","Light","Medium","Heavy"},0)-1,0)+IFERROR(MATCH(Profiles!AB3,{"Low","Medium","High"},0)-1,0))>=3,0.75,IF((IFERROR(MATCH(Profiles!W3,{"None","Light","Medium","Heavy"},0)-1,0)+IFERROR(MATCH(Profiles!AB3,{"Low","Medium","High"},0)-1,0))>=2,0.85,1))))))) | Z2: =IF(OR('User Input'!$B$43="none",'User Input'!$B$43=""),1,IF('User Input'!$B$43="minor",IF(IFERROR(MATCH(Profiles!W3,{"None","Light","Medium","Heavy"},0)-1,0)>=3,0.7,IF(IFERROR(MATCH(Profiles!W3,{"None","Light","Medium","Heavy"},0)-1,0)>=2,0.85,1)),IF('User Input'!$B$43="joint",IF(OR(IFERROR(MATCH(Profiles!W3,{"None","Light","Medium","Heavy"},0)-1,0)>=3,IFERROR(MATCH(Profiles!AB3,{"Low","Medium","High"},0)-1,0)>=2),0.5,IF(OR(IFERROR(MATCH(Profiles!W3,{"None","Light","Medium","Heavy"},0)-1,0)>=2,IFERROR(MATCH(Profiles!AB3,{"Low","Medium","High"},0)-1,0)>=1),0.75,1)),IF(OR(IFERROR(MATCH(Profiles!W3,{"None","Light","Medium","Heavy"},0)-1,0)>=2,IFERROR(MATCH(Profiles!AB3,{"Low","Medium","High"},0)-1,0)>=2),0.3,IF(OR(IFERROR(MATCH(Profiles!W3,{"None","Light","Medium","Heavy"},0)-1,0)>=1,IFERROR(MATCH(Profiles!AB3,{"Low","Medium","High"},0)-1,0)>=1),0.6,0.9)))))
A3: =Profiles!A4 | B3: =Profiles!B4 | C3: =Profiles!C4 | D3: =Profiles!D4 | E3: =IF(ISNUMBER(Profiles!E4),IF(ISNUMBER(Profiles!F4),MAX(0,1-(MAX(0,ABS('User Input'!$B$9-Profiles!E4)-Profiles!F4))/Profiles!F4/3),MAX(0,1-ABS('User Input'!$B$9-Profiles!E4)/(Profiles!E4*0.1)/3)),0.5) | F3: =IF(ISNUMBER(Profiles!G4),IF(ISNUMBER(Profiles!H4),MAX(0,1-(MAX(0,ABS('User Input'!$B$10-Profiles!G4)-Profiles!H4))/Profiles!H4/3),MAX(0,1-ABS('User Input'!$B$10-Profiles!G4)/(Profiles!G4*0.15)/3)),0.5) | G3: =IF(ISNUMBER(Profiles!J4),MAX(0,1-ABS('User Input'!$B$12-Profiles!J4)/5/3),0.5) | H3: =IF(ISNUMBER(Profiles!K4),MAX(0,1-ABS('User Input'!$B$14-Profiles!K4)/0.03/3),"n/a") | I3: =100*MAX(0,1-(MAX(0,Profiles!M4-'User Input'!$B$17)+0.5*MAX(0,'User Input'!$B$17-Profiles!M4)+MAX(0,Profiles!N4-'User Input'!$B$18)+0.5*MAX(0,'User Input'!$B$18-Profiles!N4)+MAX(0,Profiles!O4-'User Input'!$B$19)+0.5*MAX(0,'User Input'!$B$19-Profiles!O4)+MAX(0,Profiles!P4-'User Input'!$B$20)+0.5*MAX(0,'User Input'!$B$20-Profiles!P4)+MAX(0,Profiles!Q4-'User Input'!$B$21)+0.5*MAX(0,'User Input'!$B$21-Profiles!Q4)+MAX(0,Profiles!S4-'User Input'!$B$22)+0.5*MAX(0,'User Input'!$B$22-Profiles!S4)+MAX(0,Profiles!T4-'User Input'!$B$23)+0.5*MAX(0,'User Input'!$B$23-Profiles!T4)+MAX(0,Profiles!U4-'User Input'!$B$24)+0.5*MAX(0,'User Input'!$B$24-Profiles!U4))/40) | J3: =ROUND(60*(E3+F3+G3+IFERROR(VALUE(H3),(E3+F3+G3)/3))/4 + 0.4*I3,1) | K3: =IF(OR(AND('User Input'!$B$6="M",Profiles!$AG4="M"),AND('User Input'!$B$6="F",Profiles!$AG4="F")),1,0) | L3: =IF('User Input'!$B$27="Either",(IF(Profiles!V4>=4,1,0.3)+IF(OR(Profiles!V4<=2,ISNUMBER(SEARCH("Individual",Profiles!D4))),1,0.3))/2,IF('User Input'!$B$27="Team",IF(Profiles!V4>=4,1,0.3),IF(OR(Profiles!V4<=2,ISNUMBER(SEARCH("Individual",Profiles!D4))),1,0.3))) | M3: =IF(IFERROR(MATCH(Profiles!W4,{"None","Light","Medium","Heavy"},0)-1,0)<=IFERROR(MATCH('User Input'!$B$28,{"None","Light","Medium","Heavy"},0)-1,3),1,MAX(0,1-0.4*(IFERROR(MATCH(Profiles!W4,{"None","Light","Medium","Heavy"},0)-1,0)-IFERROR(MATCH('User Input'!$B$28,{"None","Light","Medium","Heavy"},0)-1,3)))) | N3: =IF('User Input'!$B$29="neutral",1,IF('User Input'!$B$29="essential",IF(ISNUMBER(SEARCH("Outdoor",Profiles!X4)),1,0.3),IF('User Input'!$B$29="nice",IF(ISNUMBER(SEARCH("Outdoor",Profiles!X4)),1,0.65),IF('User Input'!$B$29="indoor",IF(ISNUMBER(SEARCH("Indoor",Profiles!X4)),1,0.4),1)))) | O3: =IF('User Input'!$B$30="Yes",1,IF(Profiles!Y4="Yes",0,1)) | P3: =IF(IFERROR(MATCH(Profiles!Z4,{"Low","Medium","High"},0),2)<=IFERROR(MATCH('User Input'!$B$31,{"Low","Medium","High"},0),2),1,MAX(0,1-0.4*(IFERROR(MATCH(Profiles!Z4,{"Low","Medium","High"},0),2)-IFERROR(MATCH('User Input'!$B$31,{"Low","Medium","High"},0),2)))) | Q3: =IF('User Input'!$B$32="Yes",IF(ISNUMBER(Profiles!AC4),Profiles!AC4/10,0.5),1) | R3: =IF(OR(K3=0,O3=0),0,ROUND(MIN(100,100*(K3*0.1+L3*0.2+M3*0.2+N3*0.1+P3*0.15+Q3*0.25)*W3*X3*Y3*Z3),1)) | S3: =IF(R3=0,0,ROUND(0.5*J3+0.5*R3,1)) | T3: =J3-ROW()/1000000 | U3: =R3-ROW()/1000000 | V3: =S3-ROW()/1000000 | W3: =IF(OR(AND(OR(Profiles!D4="Team field",Profiles!D4="Team field contact",Profiles!D4="Team field stick"),'User Input'!$B$34="Yes"),AND(OR(Profiles!D4="Team court",Profiles!D4="Team court contact"),'User Input'!$B$35="Yes"),AND(Profiles!D4="Individual racquet",'User Input'!$B$36="Yes"),AND(OR(Profiles!D4="Combat striking",Profiles!D4="Combat grappling",Profiles!D4="Combat mixed"),'User Input'!$B$37="Yes"),AND(OR(Profiles!D4="Team water contact",Profiles!D4="Individual water"),'User Input'!$B$38="Yes"),AND(OR(Profiles!D4="Endurance individual",Profiles!D4="Endurance individual / pair",Profiles!D4="Endurance individual / pursuit",Profiles!D4="Endurance team / pair",Profiles!D4="Endurance multi"),'User Input'!$B$39="Yes"),AND(OR(Profiles!D4="Strength individual",Profiles!D4="Power-throw individual"),'User Input'!$B$40="Yes"),AND(OR(Profiles!D4="Individual technical",Profiles!D4="Individual aesthetic",Profiles!D4="Team precision"),'User Input'!$B$41="Yes")),1.15,1) | X3: =IF('User Input'!$B$33<>"none",1,IF(IFERROR(VALUE(TRIM(MID(SUBSTITUTE(SUBSTITUTE(Profiles!AA4,"–","-"),"-",REPT(" ",100)),100,100)))<=14,FALSE),0.7,1)) | Y3: =IF(OR('User Input'!$B$42="under30",'User Input'!$B$42=""),1,IF('User Input'!$B$42="30to45",IF((IFERROR(MATCH(Profiles!W4,{"None","Light","Medium","Heavy"},0)-1,0)+IFERROR(MATCH(Profiles!AB4,{"Low","Medium","High"},0)-1,0))>=5,0.85,1),IF('User Input'!$B$42="46to60",IF((IFERROR(MATCH(Profiles!W4,{"None","Light","Medium","Heavy"},0)-1,0)+IFERROR(MATCH(Profiles!AB4,{"Low","Medium","High"},0)-1,0))>=5,0.65,IF((IFERROR(MATCH(Profiles!W4,{"None","Light","Medium","Heavy"},0)-1,0)+IFERROR(MATCH(Profiles!AB4,{"Low","Medium","High"},0)-1,0))>=4,0.8,IF((IFERROR(MATCH(Profiles!W4,{"None","Light","Medium","Heavy"},0)-1,0)+IFERROR(MATCH(Profiles!AB4,{"Low","Medium","High"},0)-1,0))>=3,0.9,1))),IF((IFERROR(MATCH(Profiles!W4,{"None","Light","Medium","Heavy"},0)-1,0)+IFERROR(MATCH(Profiles!AB4,{"Low","Medium","High"},0)-1,0))>=5,0.4,IF((IFERROR(MATCH(Profiles!W4,{"None","Light","Medium","Heavy"},0)-1,0)+IFERROR(MATCH(Profiles!AB4,{"Low","Medium","High"},0)-1,0))>=4,0.6,IF((IFERROR(MATCH(Profiles!W4,{"None","Light","Medium","Heavy"},0)-1,0)+IFERROR(MATCH(Profiles!AB4,{"Low","Medium","High"},0)-1,0))>=3,0.75,IF((IFERROR(MATCH(Profiles!W4,{"None","Light","Medium","Heavy"},0)-1,0)+IFERROR(MATCH(Profiles!AB4,{"Low","Medium","High"},0)-1,0))>=2,0.85,1))))))) | Z3: =IF(OR('User Input'!$B$43="none",'User Input'!$B$43=""),1,IF('User Input'!$B$43="minor",IF(IFERROR(MATCH(Profiles!W4,{"None","Light","Medium","Heavy"},0)-1,0)>=3,0.7,IF(IFERROR(MATCH(Profiles!W4,{"None","Light","Medium","Heavy"},0)-1,0)>=2,0.85,1)),IF('User Input'!$B$43="joint",IF(OR(IFERROR(MATCH(Profiles!W4,{"None","Light","Medium","Heavy"},0)-1,0)>=3,IFERROR(MATCH(Profiles!AB4,{"Low","Medium","High"},0)-1,0)>=2),0.5,IF(OR(IFERROR(MATCH(Profiles!W4,{"None","Light","Medium","Heavy"},0)-1,0)>=2,IFERROR(MATCH(Profiles!AB4,{"Low","Medium","High"},0)-1,0)>=1),0.75,1)),IF(OR(IFERROR(MATCH(Profiles!W4,{"None","Light","Medium","Heavy"},0)-1,0)>=2,IFERROR(MATCH(Profiles!AB4,{"Low","Medium","High"},0)-1,0)>=2),0.3,IF(OR(IFERROR(MATCH(Profiles!W4,{"None","Light","Medium","Heavy"},0)-1,0)>=1,IFERROR(MATCH(Profiles!AB4,{"Low","Medium","High"},0)-1,0)>=1),0.6,0.9)))))
A4: =Profiles!A5 | B4: =Profiles!B5 | C4: =Profiles!C5 | D4: =Profiles!D5 | E4: =IF(ISNUMBER(Profiles!E5),IF(ISNUMBER(Profiles!F5),MAX(0,1-(MAX(0,ABS('User Input'!$B$9-Profiles!E5)-Profiles!F5))/Profiles!F5/3),MAX(0,1-ABS('User Input'!$B$9-Profiles!E5)/(Profiles!E5*0.1)/3)),0.5) | F4: =IF(ISNUMBER(Profiles!G5),IF(ISNUMBER(Profiles!H5),MAX(0,1-(MAX(0,ABS('User Input'!$B$10-Profiles!G5)-Profiles!H5))/Profiles!H5/3),MAX(0,1-ABS('User Input'!$B$10-Profiles!G5)/(Profiles!G5*0.15)/3)),0.5) | G4: =IF(ISNUMBER(Profiles!J5),MAX(0,1-ABS('User Input'!$B$12-Profiles!J5)/5/3),0.5) | H4: =IF(ISNUMBER(Profiles!K5),MAX(0,1-ABS('User Input'!$B$14-Profiles!K5)/0.03/3),"n/a") | I4: =100*MAX(0,1-(MAX(0,Profiles!M5-'User Input'!$B$17)+0.5*MAX(0,'User Input'!$B$17-Profiles!M5)+MAX(0,Profiles!N5-'User Input'!$B$18)+0.5*MAX(0,'User Input'!$B$18-Profiles!N5)+MAX(0,Profiles!O5-'User Input'!$B$19)+0.5*MAX(0,'User Input'!$B$19-Profiles!O5)+MAX(0,Profiles!P5-'User Input'!$B$20)+0.5*MAX(0,'User Input'!$B$20-Profiles!P5)+MAX(0,Profiles!Q5-'User Input'!$B$21)+0.5*MAX(0,'User Input'!$B$21-Profiles!Q5)+MAX(0,Profiles!S5-'User Input'!$B$22)+0.5*MAX(0,'User Input'!$B$22-Profiles!S5)+MAX(0,Profiles!T5-'User Input'!$B$23)+0.5*MAX(0,'User Input'!$B$23-Profiles!T5)+MAX(0,Profiles!U5-'User Input'!$B$24)+0.5*MAX(0,'User Input'!$B$24-Profiles!U5))/40) | J4: =ROUND(60*(E4+F4+G4+IFERROR(VALUE(H4),(E4+F4+G4)/3))/4 + 0.4*I4,1) | K4: =IF(OR(AND('User Input'!$B$6="M",Profiles!$AG5="M"),AND('User Input'!$B$6="F",Profiles!$AG5="F")),1,0) | L4: =IF('User Input'!$B$27="Either",(IF(Profiles!V5>=4,1,0.3)+IF(OR(Profiles!V5<=2,ISNUMBER(SEARCH("Individual",Profiles!D5))),1,0.3))/2,IF('User Input'!$B$27="Team",IF(Profiles!V5>=4,1,0.3),IF(OR(Profiles!V5<=2,ISNUMBER(SEARCH("Individual",Profiles!D5))),1,0.3))) | M4: =IF(IFERROR(MATCH(Profiles!W5,{"None","Light","Medium","Heavy"},0)-1,0)<=IFERROR(MATCH('User Input'!$B$28,{"None","Light","Medium","Heavy"},0)-1,3),1,MAX(0,1-0.4*(IFERROR(MATCH(Profiles!W5,{"None","Light","Medium","Heavy"},0)-1,0)-IFERROR(MATCH('User Input'!$B$28,{"None","Light","Medium","Heavy"},0)-1,3)))) | N4: =IF('User Input'!$B$29="neutral",1,IF('User Input'!$B$29="essential",IF(ISNUMBER(SEARCH("Outdoor",Profiles!X5)),1,0.3),IF('User Input'!$B$29="nice",IF(ISNUMBER(SEARCH("Outdoor",Profiles!X5)),1,0.65),IF('User Input'!$B$29="indoor",IF(ISNUMBER(SEARCH("Indoor",Profiles!X5)),1,0.4),1)))) | O4: =IF('User Input'!$B$30="Yes",1,IF(Profiles!Y5="Yes",0,1)) | P4: =IF(IFERROR(MATCH(Profiles!Z5,{"Low","Medium","High"},0),2)<=IFERROR(MATCH('User Input'!$B$31,{"Low","Medium","High"},0),2),1,MAX(0,1-0.4*(IFERROR(MATCH(Profiles!Z5,{"Low","Medium","High"},0),2)-IFERROR(MATCH('User Input'!$B$31,{"Low","Medium","High"},0),2)))) | Q4: =IF('User Input'!$B$32="Yes",IF(ISNUMBER(Profiles!AC5),Profiles!AC5/10,0.5),1) | R4: =IF(OR(K4=0,O4=0),0,ROUND(MIN(100,100*(K4*0.1+L4*0.2+M4*0.2+N4*0.1+P4*0.15+Q4*0.25)*W4*X4*Y4*Z4),1)) | S4: =IF(R4=0,0,ROUND(0.5*J4+0.5*R4,1)) | T4: =J4-ROW()/1000000 | U4: =R4-ROW()/1000000 | V4: =S4-ROW()/1000000 | W4: =IF(OR(AND(OR(Profiles!D5="Team field",Profiles!D5="Team field contact",Profiles!D5="Team field stick"),'User Input'!$B$34="Yes"),AND(OR(Profiles!D5="Team court",Profiles!D5="Team court contact"),'User Input'!$B$35="Yes"),AND(Profiles!D5="Individual racquet",'User Input'!$B$36="Yes"),AND(OR(Profiles!D5="Combat striking",Profiles!D5="Combat grappling",Profiles!D5="Combat mixed"),'User Input'!$B$37="Yes"),AND(OR(Profiles!D5="Team water contact",Profiles!D5="Individual water"),'User Input'!$B$38="Yes"),AND(OR(Profiles!D5="Endurance individual",Profiles!D5="Endurance individual / pair",Profiles!D5="Endurance individual / pursuit",Profiles!D5="Endurance team / pair",Profiles!D5="Endurance multi"),'User Input'!$B$39="Yes"),AND(OR(Profiles!D5="Strength individual",Profiles!D5="Power-throw individual"),'User Input'!$B$40="Yes"),AND(OR(Profiles!D5="Individual technical",Profiles!D5="Individual aesthetic",Profiles!D5="Team precision"),'User Input'!$B$41="Yes")),1.15,1) | X4: =IF('User Input'!$B$33<>"none",1,IF(IFERROR(VALUE(TRIM(MID(SUBSTITUTE(SUBSTITUTE(Profiles!AA5,"–","-"),"-",REPT(" ",100)),100,100)))<=14,FALSE),0.7,1)) | Y4: =IF(OR('User Input'!$B$42="under30",'User Input'!$B$42=""),1,IF('User Input'!$B$42="30to45",IF((IFERROR(MATCH(Profiles!W5,{"None","Light","Medium","Heavy"},0)-1,0)+IFERROR(MATCH(Profiles!AB5,{"Low","Medium","High"},0)-1,0))>=5,0.85,1),IF('User Input'!$B$42="46to60",IF((IFERROR(MATCH(Profiles!W5,{"None","Light","Medium","Heavy"},0)-1,0)+IFERROR(MATCH(Profiles!AB5,{"Low","Medium","High"},0)-1,0))>=5,0.65,IF((IFERROR(MATCH(Profiles!W5,{"None","Light","Medium","Heavy"},0)-1,0)+IFERROR(MATCH(Profiles!AB5,{"Low","Medium","High"},0)-1,0))>=4,0.8,IF((IFERROR(MATCH(Profiles!W5,{"None","Light","Medium","Heavy"},0)-1,0)+IFERROR(MATCH(Profiles!AB5,{"Low","Medium","High"},0)-1,0))>=3,0.9,1))),IF((IFERROR(MATCH(Profiles!W5,{"None","Light","Medium","Heavy"},0)-1,0)+IFERROR(MATCH(Profiles!AB5,{"Low","Medium","High"},0)-1,0))>=5,0.4,IF((IFERROR(MATCH(Profiles!W5,{"None","Light","Medium","Heavy"},0)-1,0)+IFERROR(MATCH(Profiles!AB5,{"Low","Medium","High"},0)-1,0))>=4,0.6,IF((IFERROR(MATCH(Profiles!W5,{"None","Light","Medium","Heavy"},0)-1,0)+IFERROR(MATCH(Profiles!AB5,{"Low","Medium","High"},0)-1,0))>=3,0.75,IF((IFERROR(MATCH(Profiles!W5,{"None","Light","Medium","Heavy"},0)-1,0)+IFERROR(MATCH(Profiles!AB5,{"Low","Medium","High"},0)-1,0))>=2,0.85,1))))))) | Z4: =IF(OR('User Input'!$B$43="none",'User Input'!$B$43=""),1,IF('User Input'!$B$43="minor",IF(IFERROR(MATCH(Profiles!W5,{"None","Light","Medium","Heavy"},0)-1,0)>=3,0.7,IF(IFERROR(MATCH(Profiles!W5,{"None","Light","Medium","Heavy"},0)-1,0)>=2,0.85,1)),IF('User Input'!$B$43="joint",IF(OR(IFERROR(MATCH(Profiles!W5,{"None","Light","Medium","Heavy"},0)-1,0)>=3,IFERROR(MATCH(Profiles!AB5,{"Low","Medium","High"},0)-1,0)>=2),0.5,IF(OR(IFERROR(MATCH(Profiles!W5,{"None","Light","Medium","Heavy"},0)-1,0)>=2,IFERROR(MATCH(Profiles!AB5,{"Low","Medium","High"},0)-1,0)>=1),0.75,1)),IF(OR(IFERROR(MATCH(Profiles!W5,{"None","Light","Medium","Heavy"},0)-1,0)>=2,IFERROR(MATCH(Profiles!AB5,{"Low","Medium","High"},0)-1,0)>=2),0.3,IF(OR(IFERROR(MATCH(Profiles!W5,{"None","Light","Medium","Heavy"},0)-1,0)>=1,IFERROR(MATCH(Profiles!AB5,{"Low","Medium","High"},0)-1,0)>=1),0.6,0.9)))))
A5: =Profiles!A6 | B5: =Profiles!B6 | C5: =Profiles!C6 | D5: =Profiles!D6 | E5: =IF(ISNUMBER(Profiles!E6),IF(ISNUMBER(Profiles!F6),MAX(0,1-(MAX(0,ABS('User Input'!$B$9-Profiles!E6)-Profiles!F6))/Profiles!F6/3),MAX(0,1-ABS('User Input'!$B$9-Profiles!E6)/(Profiles!E6*0.1)/3)),0.5) | F5: =IF(ISNUMBER(Profiles!G6),IF(ISNUMBER(Profiles!H6),MAX(0,1-(MAX(0,ABS('User Input'!$B$10-Profiles!G6)-Profiles!H6))/Profiles!H6/3),MAX(0,1-ABS('User Input'!$B$10-Profiles!G6)/(Profiles!G6*0.15)/3)),0.5) | G5: =IF(ISNUMBER(Profiles!J6),MAX(0,1-ABS('User Input'!$B$12-Profiles!J6)/5/3),0.5) | H5: =IF(ISNUMBER(Profiles!K6),MAX(0,1-ABS('User Input'!$B$14-Profiles!K6)/0.03/3),"n/a") | I5: =100*MAX(0,1-(MAX(0,Profiles!M6-'User Input'!$B$17)+0.5*MAX(0,'User Input'!$B$17-Profiles!M6)+MAX(0,Profiles!N6-'User Input'!$B$18)+0.5*MAX(0,'User Input'!$B$18-Profiles!N6)+MAX(0,Profiles!O6-'User Input'!$B$19)+0.5*MAX(0,'User Input'!$B$19-Profiles!O6)+MAX(0,Profiles!P6-'User Input'!$B$20)+0.5*MAX(0,'User Input'!$B$20-Profiles!P6)+MAX(0,Profiles!Q6-'User Input'!$B$21)+0.5*MAX(0,'User Input'!$B$21-Profiles!Q6)+MAX(0,Profiles!S6-'User Input'!$B$22)+0.5*MAX(0,'User Input'!$B$22-Profiles!S6)+MAX(0,Profiles!T6-'User Input'!$B$23)+0.5*MAX(0,'User Input'!$B$23-Profiles!T6)+MAX(0,Profiles!U6-'User Input'!$B$24)+0.5*MAX(0,'User Input'!$B$24-Profiles!U6))/40) | J5: =ROUND(60*(E5+F5+G5+IFERROR(VALUE(H5),(E5+F5+G5)/3))/4 + 0.4*I5,1) | K5: =IF(OR(AND('User Input'!$B$6="M",Profiles!$AG6="M"),AND('User Input'!$B$6="F",Profiles!$AG6="F")),1,0) | L5: =IF('User Input'!$B$27="Either",(IF(Profiles!V6>=4,1,0.3)+IF(OR(Profiles!V6<=2,ISNUMBER(SEARCH("Individual",Profiles!D6))),1,0.3))/2,IF('User Input'!$B$27="Team",IF(Profiles!V6>=4,1,0.3),IF(OR(Profiles!V6<=2,ISNUMBER(SEARCH("Individual",Profiles!D6))),1,0.3))) | M5: =IF(IFERROR(MATCH(Profiles!W6,{"None","Light","Medium","Heavy"},0)-1,0)<=IFERROR(MATCH('User Input'!$B$28,{"None","Light","Medium","Heavy"},0)-1,3),1,MAX(0,1-0.4*(IFERROR(MATCH(Profiles!W6,{"None","Light","Medium","Heavy"},0)-1,0)-IFERROR(MATCH('User Input'!$B$28,{"None","Light","Medium","Heavy"},0)-1,3)))) | N5: =IF('User Input'!$B$29="neutral",1,IF('User Input'!$B$29="essential",IF(ISNUMBER(SEARCH("Outdoor",Profiles!X6)),1,0.3),IF('User Input'!$B$29="nice",IF(ISNUMBER(SEARCH("Outdoor",Profiles!X6)),1,0.65),IF('User Input'!$B$29="indoor",IF(ISNUMBER(SEARCH("Indoor",Profiles!X6)),1,0.4),1)))) | O5: =IF('User Input'!$B$30="Yes",1,IF(Profiles!Y6="Yes",0,1)) | P5: =IF(IFERROR(MATCH(Profiles!Z6,{"Low","Medium","High"},0),2)<=IFERROR(MATCH('User Input'!$B$31,{"Low","Medium","High"},0),2),1,MAX(0,1-0.4*(IFERROR(MATCH(Profiles!Z6,{"Low","Medium","High"},0),2)-IFERROR(MATCH('User Input'!$B$31,{"Low","Medium","High"},0),2)))) | Q5: =IF('User Input'!$B$32="Yes",IF(ISNUMBER(Profiles!AC6),Profiles!AC6/10,0.5),1) | R5: =IF(OR(K5=0,O5=0),0,ROUND(MIN(100,100*(K5*0.1+L5*0.2+M5*0.2+N5*0.1+P5*0.15+Q5*0.25)*W5*X5*Y5*Z5),1)) | S5: =IF(R5=0,0,ROUND(0.5*J5+0.5*R5,1)) | T5: =J5-ROW()/1000000 | U5: =R5-ROW()/1000000 | V5: =S5-ROW()/1000000 | W5: =IF(OR(AND(OR(Profiles!D6="Team field",Profiles!D6="Team field contact",Profiles!D6="Team field stick"),'User Input'!$B$34="Yes"),AND(OR(Profiles!D6="Team court",Profiles!D6="Team court contact"),'User Input'!$B$35="Yes"),AND(Profiles!D6="Individual racquet",'User Input'!$B$36="Yes"),AND(OR(Profiles!D6="Combat striking",Profiles!D6="Combat grappling",Profiles!D6="Combat mixed"),'User Input'!$B$37="Yes"),AND(OR(Profiles!D6="Team water contact",Profiles!D6="Individual water"),'User Input'!$B$38="Yes"),AND(OR(Profiles!D6="Endurance individual",Profiles!D6="Endurance individual / pair",Profiles!D6="Endurance individual / pursuit",Profiles!D6="Endurance team / pair",Profiles!D6="Endurance multi"),'User Input'!$B$39="Yes"),AND(OR(Profiles!D6="Strength individual",Profiles!D6="Power-throw individual"),'User Input'!$B$40="Yes"),AND(OR(Profiles!D6="Individual technical",Profiles!D6="Individual aesthetic",Profiles!D6="Team precision"),'User Input'!$B$41="Yes")),1.15,1) | X5: =IF('User Input'!$B$33<>"none",1,IF(IFERROR(VALUE(TRIM(MID(SUBSTITUTE(SUBSTITUTE(Profiles!AA6,"–","-"),"-",REPT(" ",100)),100,100)))<=14,FALSE),0.7,1)) | Y5: =IF(OR('User Input'!$B$42="under30",'User Input'!$B$42=""),1,IF('User Input'!$B$42="30to45",IF((IFERROR(MATCH(Profiles!W6,{"None","Light","Medium","Heavy"},0)-1,0)+IFERROR(MATCH(Profiles!AB6,{"Low","Medium","High"},0)-1,0))>=5,0.85,1),IF('User Input'!$B$42="46to60",IF((IFERROR(MATCH(Profiles!W6,{"None","Light","Medium","Heavy"},0)-1,0)+IFERROR(MATCH(Profiles!AB6,{"Low","Medium","High"},0)-1,0))>=5,0.65,IF((IFERROR(MATCH(Profiles!W6,{"None","Light","Medium","Heavy"},0)-1,0)+IFERROR(MATCH(Profiles!AB6,{"Low","Medium","High"},0)-1,0))>=4,0.8,IF((IFERROR(MATCH(Profiles!W6,{"None","Light","Medium","Heavy"},0)-1,0)+IFERROR(MATCH(Profiles!AB6,{"Low","Medium","High"},0)-1,0))>=3,0.9,1))),IF((IFERROR(MATCH(Profiles!W6,{"None","Light","Medium","Heavy"},0)-1,0)+IFERROR(MATCH(Profiles!AB6,{"Low","Medium","High"},0)-1,0))>=5,0.4,IF((IFERROR(MATCH(Profiles!W6,{"None","Light","Medium","Heavy"},0)-1,0)+IFERROR(MATCH(Profiles!AB6,{"Low","Medium","High"},0)-1,0))>=4,0.6,IF((IFERROR(MATCH(Profiles!W6,{"None","Light","Medium","Heavy"},0)-1,0)+IFERROR(MATCH(Profiles!AB6,{"Low","Medium","High"},0)-1,0))>=3,0.75,IF((IFERROR(MATCH(Profiles!W6,{"None","Light","Medium","Heavy"},0)-1,0)+IFERROR(MATCH(Profiles!AB6,{"Low","Medium","High"},0)-1,0))>=2,0.85,1))))))) | Z5: =IF(OR('User Input'!$B$43="none",'User Input'!$B$43=""),1,IF('User Input'!$B$43="minor",IF(IFERROR(MATCH(Profiles!W6,{"None","Light","Medium","Heavy"},0)-1,0)>=3,0.7,IF(IFERROR(MATCH(Profiles!W6,{"None","Light","Medium","Heavy"},0)-1,0)>=2,0.85,1)),IF('User Input'!$B$43="joint",IF(OR(IFERROR(MATCH(Profiles!W6,{"None","Light","Medium","Heavy"},0)-1,0)>=3,IFERROR(MATCH(Profiles!AB6,{"Low","Medium","High"},0)-1,0)>=2),0.5,IF(OR(IFERROR(MATCH(Profiles!W6,{"None","Light","Medium","Heavy"},0)-1,0)>=2,IFERROR(MATCH(Profiles!AB6,{"Low","Medium","High"},0)-1,0)>=1),0.75,1)),IF(OR(IFERROR(MATCH(Profiles!W6,{"None","Light","Medium","Heavy"},0)-1,0)>=2,IFERROR(MATCH(Profiles!AB6,{"Low","Medium","High"},0)-1,0)>=2),0.3,IF(OR(IFERROR(MATCH(Profiles!W6,{"None","Light","Medium","Heavy"},0)-1,0)>=1,IFERROR(MATCH(Profiles!AB6,{"Low","Medium","High"},0)-1,0)>=1),0.6,0.9)))))
A6: =Profiles!A7 | B6: =Profiles!B7 | C6: =Profiles!C7 | D6: =Profiles!D7 | E6: =IF(ISNUMBER(Profiles!E7),IF(ISNUMBER(Profiles!F7),MAX(0,1-(MAX(0,ABS('User Input'!$B$9-Profiles!E7)-Profiles!F7))/Profiles!F7/3),MAX(0,1-ABS('User Input'!$B$9-Profiles!E7)/(Profiles!E7*0.1)/3)),0.5) | F6: =IF(ISNUMBER(Profiles!G7),IF(ISNUMBER(Profiles!H7),MAX(0,1-(MAX(0,ABS('User Input'!$B$10-Profiles!G7)-Profiles!H7))/Profiles!H7/3),MAX(0,1-ABS('User Input'!$B$10-Profiles!G7)/(Profiles!G7*0.15)/3)),0.5) | G6: =IF(ISNUMBER(Profiles!J7),MAX(0,1-ABS('User Input'!$B$12-Profiles!J7)/5/3),0.5) | H6: =IF(ISNUMBER(Profiles!K7),MAX(0,1-ABS('User Input'!$B$14-Profiles!K7)/0.03/3),"n/a") | I6: =100*MAX(0,1-(MAX(0,Profiles!M7-'User Input'!$B$17)+0.5*MAX(0,'User Input'!$B$17-Profiles!M7)+MAX(0,Profiles!N7-'User Input'!$B$18)+0.5*MAX(0,'User Input'!$B$18-Profiles!N7)+MAX(0,Profiles!O7-'User Input'!$B$19)+0.5*MAX(0,'User Input'!$B$19-Profiles!O7)+MAX(0,Profiles!P7-'User Input'!$B$20)+0.5*MAX(0,'User Input'!$B$20-Profiles!P7)+MAX(0,Profiles!Q7-'User Input'!$B$21)+0.5*MAX(0,'User Input'!$B$21-Profiles!Q7)+MAX(0,Profiles!S7-'User Input'!$B$22)+0.5*MAX(0,'User Input'!$B$22-Profiles!S7)+MAX(0,Profiles!T7-'User Input'!$B$23)+0.5*MAX(0,'User Input'!$B$23-Profiles!T7)+MAX(0,Profiles!U7-'User Input'!$B$24)+0.5*MAX(0,'User Input'!$B$24-Profiles!U7))/40) | J6: =ROUND(60*(E6+F6+G6+IFERROR(VALUE(H6),(E6+F6+G6)/3))/4 + 0.4*I6,1) | K6: =IF(OR(AND('User Input'!$B$6="M",Profiles!$AG7="M"),AND('User Input'!$B$6="F",Profiles!$AG7="F")),1,0) | L6: =IF('User Input'!$B$27="Either",(IF(Profiles!V7>=4,1,0.3)+IF(OR(Profiles!V7<=2,ISNUMBER(SEARCH("Individual",Profiles!D7))),1,0.3))/2,IF('User Input'!$B$27="Team",IF(Profiles!V7>=4,1,0.3),IF(OR(Profiles!V7<=2,ISNUMBER(SEARCH("Individual",Profiles!D7))),1,0.3))) | M6: =IF(IFERROR(MATCH(Profiles!W7,{"None","Light","Medium","Heavy"},0)-1,0)<=IFERROR(MATCH('User Input'!$B$28,{"None","Light","Medium","Heavy"},0)-1,3),1,MAX(0,1-0.4*(IFERROR(MATCH(Profiles!W7,{"None","Light","Medium","Heavy"},0)-1,0)-IFERROR(MATCH('User Input'!$B$28,{"None","Light","Medium","Heavy"},0)-1,3)))) | N6: =IF('User Input'!$B$29="neutral",1,IF('User Input'!$B$29="essential",IF(ISNUMBER(SEARCH("Outdoor",Profiles!X7)),1,0.3),IF('User Input'!$B$29="nice",IF(ISNUMBER(SEARCH("Outdoor",Profiles!X7)),1,0.65),IF('User Input'!$B$29="indoor",IF(ISNUMBER(SEARCH("Indoor",Profiles!X7)),1,0.4),1)))) | O6: =IF('User Input'!$B$30="Yes",1,IF(Profiles!Y7="Yes",0,1)) | P6: =IF(IFERROR(MATCH(Profiles!Z7,{"Low","Medium","High"},0),2)<=IFERROR(MATCH('User Input'!$B$31,{"Low","Medium","High"},0),2),1,MAX(0,1-0.4*(IFERROR(MATCH(Profiles!Z7,{"Low","Medium","High"},0),2)-IFERROR(MATCH('User Input'!$B$31,{"Low","Medium","High"},0),2)))) | Q6: =IF('User Input'!$B$32="Yes",IF(ISNUMBER(Profiles!AC7),Profiles!AC7/10,0.5),1) | R6: =IF(OR(K6=0,O6=0),0,ROUND(MIN(100,100*(K6*0.1+L6*0.2+M6*0.2+N6*0.1+P6*0.15+Q6*0.25)*W6*X6*Y6*Z6),1)) | S6: =IF(R6=0,0,ROUND(0.5*J6+0.5*R6,1)) | T6: =J6-ROW()/1000000 | U6: =R6-ROW()/1000000 | V6: =S6-ROW()/1000000 | W6: =IF(OR(AND(OR(Profiles!D7="Team field",Profiles!D7="Team field contact",Profiles!D7="Team field stick"),'User Input'!$B$34="Yes"),AND(OR(Profiles!D7="Team court",Profiles!D7="Team court contact"),'User Input'!$B$35="Yes"),AND(Profiles!D7="Individual racquet",'User Input'!$B$36="Yes"),AND(OR(Profiles!D7="Combat striking",Profiles!D7="Combat grappling",Profiles!D7="Combat mixed"),'User Input'!$B$37="Yes"),AND(OR(Profiles!D7="Team water contact",Profiles!D7="Individual water"),'User Input'!$B$38="Yes"),AND(OR(Profiles!D7="Endurance individual",Profiles!D7="Endurance individual / pair",Profiles!D7="Endurance individual / pursuit",Profiles!D7="Endurance team / pair",Profiles!D7="Endurance multi"),'User Input'!$B$39="Yes"),AND(OR(Profiles!D7="Strength individual",Profiles!D7="Power-throw individual"),'User Input'!$B$40="Yes"),AND(OR(Profiles!D7="Individual technical",Profiles!D7="Individual aesthetic",Profiles!D7="Team precision"),'User Input'!$B$41="Yes")),1.15,1) | X6: =IF('User Input'!$B$33<>"none",1,IF(IFERROR(VALUE(TRIM(MID(SUBSTITUTE(SUBSTITUTE(Profiles!AA7,"–","-"),"-",REPT(" ",100)),100,100)))<=14,FALSE),0.7,1)) | Y6: =IF(OR('User Input'!$B$42="under30",'User Input'!$B$42=""),1,IF('User Input'!$B$42="30to45",IF((IFERROR(MATCH(Profiles!W7,{"None","Light","Medium","Heavy"},0)-1,0)+IFERROR(MATCH(Profiles!AB7,{"Low","Medium","High"},0)-1,0))>=5,0.85,1),IF('User Input'!$B$42="46to60",IF((IFERROR(MATCH(Profiles!W7,{"None","Light","Medium","Heavy"},0)-1,0)+IFERROR(MATCH(Profiles!AB7,{"Low","Medium","High"},0)-1,0))>=5,0.65,IF((IFERROR(MATCH(Profiles!W7,{"None","Light","Medium","Heavy"},0)-1,0)+IFERROR(MATCH(Profiles!AB7,{"Low","Medium","High"},0)-1,0))>=4,0.8,IF((IFERROR(MATCH(Profiles!W7,{"None","Light","Medium","Heavy"},0)-1,0)+IFERROR(MATCH(Profiles!AB7,{"Low","Medium","High"},0)-1,0))>=3,0.9,1))),IF((IFERROR(MATCH(Profiles!W7,{"None","Light","Medium","Heavy"},0)-1,0)+IFERROR(MATCH(Profiles!AB7,{"Low","Medium","High"},0)-1,0))>=5,0.4,IF((IFERROR(MATCH(Profiles!W7,{"None","Light","Medium","Heavy"},0)-1,0)+IFERROR(MATCH(Profiles!AB7,{"Low","Medium","High"},0)-1,0))>=4,0.6,IF((IFERROR(MATCH(Profiles!W7,{"None","Light","Medium","Heavy"},0)-1,0)+IFERROR(MATCH(Profiles!AB7,{"Low","Medium","High"},0)-1,0))>=3,0.75,IF((IFERROR(MATCH(Profiles!W7,{"None","Light","Medium","Heavy"},0)-1,0)+IFERROR(MATCH(Profiles!AB7,{"Low","Medium","High"},0)-1,0))>=2,0.85,1))))))) | Z6: =IF(OR('User Input'!$B$43="none",'User Input'!$B$43=""),1,IF('User Input'!$B$43="minor",IF(IFERROR(MATCH(Profiles!W7,{"None","Light","Medium","Heavy"},0)-1,0)>=3,0.7,IF(IFERROR(MATCH(Profiles!W7,{"None","Light","Medium","Heavy"},0)-1,0)>=2,0.85,1)),IF('User Input'!$B$43="joint",IF(OR(IFERROR(MATCH(Profiles!W7,{"None","Light","Medium","Heavy"},0)-1,0)>=3,IFERROR(MATCH(Profiles!AB7,{"Low","Medium","High"},0)-1,0)>=2),0.5,IF(OR(IFERROR(MATCH(Profiles!W7,{"None","Light","Medium","Heavy"},0)-1,0)>=2,IFERROR(MATCH(Profiles!AB7,{"Low","Medium","High"},0)-1,0)>=1),0.75,1)),IF(OR(IFERROR(MATCH(Profiles!W7,{"None","Light","Medium","Heavy"},0)-1,0)>=2,IFERROR(MATCH(Profiles!AB7,{"Low","Medium","High"},0)-1,0)>=2),0.3,IF(OR(IFERROR(MATCH(Profiles!W7,{"None","Light","Medium","Heavy"},0)-1,0)>=1,IFERROR(MATCH(Profiles!AB7,{"Low","Medium","High"},0)-1,0)>=1),0.6,0.9)))))
A7: =Profiles!A8 | B7: =Profiles!B8 | C7: =Profiles!C8 | D7: =Profiles!D8 | E7: =IF(ISNUMBER(Profiles!E8),IF(ISNUMBER(Profiles!F8),MAX(0,1-(MAX(0,ABS('User Input'!$B$9-Profiles!E8)-Profiles!F8))/Profiles!F8/3),MAX(0,1-ABS('User Input'!$B$9-Profiles!E8)/(Profiles!E8*0.1)/3)),0.5) | F7: =IF(ISNUMBER(Profiles!G8),IF(ISNUMBER(Profiles!H8),MAX(0,1-(MAX(0,ABS('User Input'!$B$10-Profiles!G8)-Profiles!H8))/Profiles!H8/3),MAX(0,1-ABS('User Input'!$B$10-Profiles!G8)/(Profiles!G8*0.15)/3)),0.5) | G7: =IF(ISNUMBER(Profiles!J8),MAX(0,1-ABS('User Input'!$B$12-Profiles!J8)/5/3),0.5) | H7: =IF(ISNUMBER(Profiles!K8),MAX(0,1-ABS('User Input'!$B$14-Profiles!K8)/0.03/3),"n/a") | I7: =100*MAX(0,1-(MAX(0,Profiles!M8-'User Input'!$B$17)+0.5*MAX(0,'User Input'!$B$17-Profiles!M8)+MAX(0,Profiles!N8-'User Input'!$B$18)+0.5*MAX(0,'User Input'!$B$18-Profiles!N8)+MAX(0,Profiles!O8-'User Input'!$B$19)+0.5*MAX(0,'User Input'!$B$19-Profiles!O8)+MAX(0,Profiles!P8-'User Input'!$B$20)+0.5*MAX(0,'User Input'!$B$20-Profiles!P8)+MAX(0,Profiles!Q8-'User Input'!$B$21)+0.5*MAX(0,'User Input'!$B$21-Profiles!Q8)+MAX(0,Profiles!S8-'User Input'!$B$22)+0.5*MAX(0,'User Input'!$B$22-Profiles!S8)+MAX(0,Profiles!T8-'User Input'!$B$23)+0.5*MAX(0,'User Input'!$B$23-Profiles!T8)+MAX(0,Profiles!U8-'User Input'!$B$24)+0.5*MAX(0,'User Input'!$B$24-Profiles!U8))/40) | J7: =ROUND(60*(E7+F7+G7+IFERROR(VALUE(H7),(E7+F7+G7)/3))/4 + 0.4*I7,1) | K7: =IF(OR(AND('User Input'!$B$6="M",Profiles!$AG8="M"),AND('User Input'!$B$6="F",Profiles!$AG8="F")),1,0) | L7: =IF('User Input'!$B$27="Either",(IF(Profiles!V8>=4,1,0.3)+IF(OR(Profiles!V8<=2,ISNUMBER(SEARCH("Individual",Profiles!D8))),1,0.3))/2,IF('User Input'!$B$27="Team",IF(Profiles!V8>=4,1,0.3),IF(OR(Profiles!V8<=2,ISNUMBER(SEARCH("Individual",Profiles!D8))),1,0.3))) | M7: =IF(IFERROR(MATCH(Profiles!W8,{"None","Light","Medium","Heavy"},0)-1,0)<=IFERROR(MATCH('User Input'!$B$28,{"None","Light","Medium","Heavy"},0)-1,3),1,MAX(0,1-0.4*(IFERROR(MATCH(Profiles!W8,{"None","Light","Medium","Heavy"},0)-1,0)-IFERROR(MATCH('User Input'!$B$28,{"None","Light","Medium","Heavy"},0)-1,3)))) | N7: =IF('User Input'!$B$29="neutral",1,IF('User Input'!$B$29="essential",IF(ISNUMBER(SEARCH("Outdoor",Profiles!X8)),1,0.3),IF('User Input'!$B$29="nice",IF(ISNUMBER(SEARCH("Outdoor",Profiles!X8)),1,0.65),IF('User Input'!$B$29="indoor",IF(ISNUMBER(SEARCH("Indoor",Profiles!X8)),1,0.4),1)))) | O7: =IF('User Input'!$B$30="Yes",1,IF(Profiles!Y8="Yes",0,1)) | P7: =IF(IFERROR(MATCH(Profiles!Z8,{"Low","Medium","High"},0),2)<=IFERROR(MATCH('User Input'!$B$31,{"Low","Medium","High"},0),2),1,MAX(0,1-0.4*(IFERROR(MATCH(Profiles!Z8,{"Low","Medium","High"},0),2)-IFERROR(MATCH('User Input'!$B$31,{"Low","Medium","High"},0),2)))) | Q7: =IF('User Input'!$B$32="Yes",IF(ISNUMBER(Profiles!AC8),Profiles!AC8/10,0.5),1) | R7: =IF(OR(K7=0,O7=0),0,ROUND(MIN(100,100*(K7*0.1+L7*0.2+M7*0.2+N7*0.1+P7*0.15+Q7*0.25)*W7*X7*Y7*Z7),1)) | S7: =IF(R7=0,0,ROUND(0.5*J7+0.5*R7,1)) | T7: =J7-ROW()/1000000 | U7: =R7-ROW()/1000000 | V7: =S7-ROW()/1000000 | W7: =IF(OR(AND(OR(Profiles!D8="Team field",Profiles!D8="Team field contact",Profiles!D8="Team field stick"),'User Input'!$B$34="Yes"),AND(OR(Profiles!D8="Team court",Profiles!D8="Team court contact"),'User Input'!$B$35="Yes"),AND(Profiles!D8="Individual racquet",'User Input'!$B$36="Yes"),AND(OR(Profiles!D8="Combat striking",Profiles!D8="Combat grappling",Profiles!D8="Combat mixed"),'User Input'!$B$37="Yes"),AND(OR(Profiles!D8="Team water contact",Profiles!D8="Individual water"),'User Input'!$B$38="Yes"),AND(OR(Profiles!D8="Endurance individual",Profiles!D8="Endurance individual / pair",Profiles!D8="Endurance individual / pursuit",Profiles!D8="Endurance team / pair",Profiles!D8="Endurance multi"),'User Input'!$B$39="Yes"),AND(OR(Profiles!D8="Strength individual",Profiles!D8="Power-throw individual"),'User Input'!$B$40="Yes"),AND(OR(Profiles!D8="Individual technical",Profiles!D8="Individual aesthetic",Profiles!D8="Team precision"),'User Input'!$B$41="Yes")),1.15,1) | X7: =IF('User Input'!$B$33<>"none",1,IF(IFERROR(VALUE(TRIM(MID(SUBSTITUTE(SUBSTITUTE(Profiles!AA8,"–","-"),"-",REPT(" ",100)),100,100)))<=14,FALSE),0.7,1)) | Y7: =IF(OR('User Input'!$B$42="under30",'User Input'!$B$42=""),1,IF('User Input'!$B$42="30to45",IF((IFERROR(MATCH(Profiles!W8,{"None","Light","Medium","Heavy"},0)-1,0)+IFERROR(MATCH(Profiles!AB8,{"Low","Medium","High"},0)-1,0))>=5,0.85,1),IF('User Input'!$B$42="46to60",IF((IFERROR(MATCH(Profiles!W8,{"None","Light","Medium","Heavy"},0)-1,0)+IFERROR(MATCH(Profiles!AB8,{"Low","Medium","High"},0)-1,0))>=5,0.65,IF((IFERROR(MATCH(Profiles!W8,{"None","Light","Medium","Heavy"},0)-1,0)+IFERROR(MATCH(Profiles!AB8,{"Low","Medium","High"},0)-1,0))>=4,0.8,IF((IFERROR(MATCH(Profiles!W8,{"None","Light","Medium","Heavy"},0)-1,0)+IFERROR(MATCH(Profiles!AB8,{"Low","Medium","High"},0)-1,0))>=3,0.9,1))),IF((IFERROR(MATCH(Profiles!W8,{"None","Light","Medium","Heavy"},0)-1,0)+IFERROR(MATCH(Profiles!AB8,{"Low","Medium","High"},0)-1,0))>=5,0.4,IF((IFERROR(MATCH(Profiles!W8,{"None","Light","Medium","Heavy"},0)-1,0)+IFERROR(MATCH(Profiles!AB8,{"Low","Medium","High"},0)-1,0))>=4,0.6,IF((IFERROR(MATCH(Profiles!W8,{"None","Light","Medium","Heavy"},0)-1,0)+IFERROR(MATCH(Profiles!AB8,{"Low","Medium","High"},0)-1,0))>=3,0.75,IF((IFERROR(MATCH(Profiles!W8,{"None","Light","Medium","Heavy"},0)-1,0)+IFERROR(MATCH(Profiles!AB8,{"Low","Medium","High"},0)-1,0))>=2,0.85,1))))))) | Z7: =IF(OR('User Input'!$B$43="none",'User Input'!$B$43=""),1,IF('User Input'!$B$43="minor",IF(IFERROR(MATCH(Profiles!W8,{"None","Light","Medium","Heavy"},0)-1,0)>=3,0.7,IF(IFERROR(MATCH(Profiles!W8,{"None","Light","Medium","Heavy"},0)-1,0)>=2,0.85,1)),IF('User Input'!$B$43="joint",IF(OR(IFERROR(MATCH(Profiles!W8,{"None","Light","Medium","Heavy"},0)-1,0)>=3,IFERROR(MATCH(Profiles!AB8,{"Low","Medium","High"},0)-1,0)>=2),0.5,IF(OR(IFERROR(MATCH(Profiles!W8,{"None","Light","Medium","Heavy"},0)-1,0)>=2,IFERROR(MATCH(Profiles!AB8,{"Low","Medium","High"},0)-1,0)>=1),0.75,1)),IF(OR(IFERROR(MATCH(Profiles!W8,{"None","Light","Medium","Heavy"},0)-1,0)>=2,IFERROR(MATCH(Profiles!AB8,{"Low","Medium","High"},0)-1,0)>=2),0.3,IF(OR(IFERROR(MATCH(Profiles!W8,{"None","Light","Medium","Heavy"},0)-1,0)>=1,IFERROR(MATCH(Profiles!AB8,{"Low","Medium","High"},0)-1,0)>=1),0.6,0.9)))))
A8: =Profiles!A9 | B8: =Profiles!B9 | C8: =Profiles!C9 | D8: =Profiles!D9 | E8: =IF(ISNUMBER(Profiles!E9),IF(ISNUMBER(Profiles!F9),MAX(0,1-(MAX(0,ABS('User Input'!$B$9-Profiles!E9)-Profiles!F9))/Profiles!F9/3),MAX(0,1-ABS('User Input'!$B$9-Profiles!E9)/(Profiles!E9*0.1)/3)),0.5) | F8: =IF(ISNUMBER(Profiles!G9),IF(ISNUMBER(Profiles!H9),MAX(0,1-(MAX(0,ABS('User Input'!$B$10-Profiles!G9)-Profiles!H9))/Profiles!H9/3),MAX(0,1-ABS('User Input'!$B$10-Profiles!G9)/(Profiles!G9*0.15)/3)),0.5) | G8: =IF(ISNUMBER(Profiles!J9),MAX(0,1-ABS('User Input'!$B$12-Profiles!J9)/5/3),0.5) | H8: =IF(ISNUMBER(Profiles!K9),MAX(0,1-ABS('User Input'!$B$14-Profiles!K9)/0.03/3),"n/a") | I8: =100*MAX(0,1-(MAX(0,Profiles!M9-'User Input'!$B$17)+0.5*MAX(0,'User Input'!$B$17-Profiles!M9)+MAX(0,Profiles!N9-'User Input'!$B$18)+0.5*MAX(0,'User Input'!$B$18-Profiles!N9)+MAX(0,Profiles!O9-'User Input'!$B$19)+0.5*MAX(0,'User Input'!$B$19-Profiles!O9)+MAX(0,Profiles!P9-'User Input'!$B$20)+0.5*MAX(0,'User Input'!$B$20-Profiles!P9)+MAX(0,Profiles!Q9-'User Input'!$B$21)+0.5*MAX(0,'User Input'!$B$21-Profiles!Q9)+MAX(0,Profiles!S9-'User Input'!$B$22)+0.5*MAX(0,'User Input'!$B$22-Profiles!S9)+MAX(0,Profiles!T9-'User Input'!$B$23)+0.5*MAX(0,'User Input'!$B$23-Profiles!T9)+MAX(0,Profiles!U9-'User Input'!$B$24)+0.5*MAX(0,'User Input'!$B$24-Profiles!U9))/40) | J8: =ROUND(60*(E8+F8+G8+IFERROR(VALUE(H8),(E8+F8+G8)/3))/4 + 0.4*I8,1) | K8: =IF(OR(AND('User Input'!$B$6="M",Profiles!$AG9="M"),AND('User Input'!$B$6="F",Profiles!$AG9="F")),1,0) | L8: =IF('User Input'!$B$27="Either",(IF(Profiles!V9>=4,1,0.3)+IF(OR(Profiles!V9<=2,ISNUMBER(SEARCH("Individual",Profiles!D9))),1,0.3))/2,IF('User Input'!$B$27="Team",IF(Profiles!V9>=4,1,0.3),IF(OR(Profiles!V9<=2,ISNUMBER(SEARCH("Individual",Profiles!D9))),1,0.3))) | M8: =IF(IFERROR(MATCH(Profiles!W9,{"None","Light","Medium","Heavy"},0)-1,0)<=IFERROR(MATCH('User Input'!$B$28,{"None","Light","Medium","Heavy"},0)-1,3),1,MAX(0,1-0.4*(IFERROR(MATCH(Profiles!W9,{"None","Light","Medium","Heavy"},0)-1,0)-IFERROR(MATCH('User Input'!$B$28,{"None","Light","Medium","Heavy"},0)-1,3)))) | N8: =IF('User Input'!$B$29="neutral",1,IF('User Input'!$B$29="essential",IF(ISNUMBER(SEARCH("Outdoor",Profiles!X9)),1,0.3),IF('User Input'!$B$29="nice",IF(ISNUMBER(SEARCH("Outdoor",Profiles!X9)),1,0.65),IF('User Input'!$B$29="indoor",IF(ISNUMBER(SEARCH("Indoor",Profiles!X9)),1,0.4),1)))) | O8: =IF('User Input'!$B$30="Yes",1,IF(Profiles!Y9="Yes",0,1)) | P8: =IF(IFERROR(MATCH(Profiles!Z9,{"Low","Medium","High"},0),2)<=IFERROR(MATCH('User Input'!$B$31,{"Low","Medium","High"},0),2),1,MAX(0,1-0.4*(IFERROR(MATCH(Profiles!Z9,{"Low","Medium","High"},0),2)-IFERROR(MATCH('User Input'!$B$31,{"Low","Medium","High"},0),2)))) | Q8: =IF('User Input'!$B$32="Yes",IF(ISNUMBER(Profiles!AC9),Profiles!AC9/10,0.5),1) | R8: =IF(OR(K8=0,O8=0),0,ROUND(MIN(100,100*(K8*0.1+L8*0.2+M8*0.2+N8*0.1+P8*0.15+Q8*0.25)*W8*X8*Y8*Z8),1)) | S8: =IF(R8=0,0,ROUND(0.5*J8+0.5*R8,1)) | T8: =J8-ROW()/1000000 | U8: =R8-ROW()/1000000 | V8: =S8-ROW()/1000000 | W8: =IF(OR(AND(OR(Profiles!D9="Team field",Profiles!D9="Team field contact",Profiles!D9="Team field stick"),'User Input'!$B$34="Yes"),AND(OR(Profiles!D9="Team court",Profiles!D9="Team court contact"),'User Input'!$B$35="Yes"),AND(Profiles!D9="Individual racquet",'User Input'!$B$36="Yes"),AND(OR(Profiles!D9="Combat striking",Profiles!D9="Combat grappling",Profiles!D9="Combat mixed"),'User Input'!$B$37="Yes"),AND(OR(Profiles!D9="Team water contact",Profiles!D9="Individual water"),'User Input'!$B$38="Yes"),AND(OR(Profiles!D9="Endurance individual",Profiles!D9="Endurance individual / pair",Profiles!D9="Endurance individual / pursuit",Profiles!D9="Endurance team / pair",Profiles!D9="Endurance multi"),'User Input'!$B$39="Yes"),AND(OR(Profiles!D9="Strength individual",Profiles!D9="Power-throw individual"),'User Input'!$B$40="Yes"),AND(OR(Profiles!D9="Individual technical",Profiles!D9="Individual aesthetic",Profiles!D9="Team precision"),'User Input'!$B$41="Yes")),1.15,1) | X8: =IF('User Input'!$B$33<>"none",1,IF(IFERROR(VALUE(TRIM(MID(SUBSTITUTE(SUBSTITUTE(Profiles!AA9,"–","-"),"-",REPT(" ",100)),100,100)))<=14,FALSE),0.7,1)) | Y8: =IF(OR('User Input'!$B$42="under30",'User Input'!$B$42=""),1,IF('User Input'!$B$42="30to45",IF((IFERROR(MATCH(Profiles!W9,{"None","Light","Medium","Heavy"},0)-1,0)+IFERROR(MATCH(Profiles!AB9,{"Low","Medium","High"},0)-1,0))>=5,0.85,1),IF('User Input'!$B$42="46to60",IF((IFERROR(MATCH(Profiles!W9,{"None","Light","Medium","Heavy"},0)-1,0)+IFERROR(MATCH(Profiles!AB9,{"Low","Medium","High"},0)-1,0))>=5,0.65,IF((IFERROR(MATCH(Profiles!W9,{"None","Light","Medium","Heavy"},0)-1,0)+IFERROR(MATCH(Profiles!AB9,{"Low","Medium","High"},0)-1,0))>=4,0.8,IF((IFERROR(MATCH(Profiles!W9,{"None","Light","Medium","Heavy"},0)-1,0)+IFERROR(MATCH(Profiles!AB9,{"Low","Medium","High"},0)-1,0))>=3,0.9,1))),IF((IFERROR(MATCH(Profiles!W9,{"None","Light","Medium","Heavy"},0)-1,0)+IFERROR(MATCH(Profiles!AB9,{"Low","Medium","High"},0)-1,0))>=5,0.4,IF((IFERROR(MATCH(Profiles!W9,{"None","Light","Medium","Heavy"},0)-1,0)+IFERROR(MATCH(Profiles!AB9,{"Low","Medium","High"},0)-1,0))>=4,0.6,IF((IFERROR(MATCH(Profiles!W9,{"None","Light","Medium","Heavy"},0)-1,0)+IFERROR(MATCH(Profiles!AB9,{"Low","Medium","High"},0)-1,0))>=3,0.75,IF((IFERROR(MATCH(Profiles!W9,{"None","Light","Medium","Heavy"},0)-1,0)+IFERROR(MATCH(Profiles!AB9,{"Low","Medium","High"},0)-1,0))>=2,0.85,1))))))) | Z8: =IF(OR('User Input'!$B$43="none",'User Input'!$B$43=""),1,IF('User Input'!$B$43="minor",IF(IFERROR(MATCH(Profiles!W9,{"None","Light","Medium","Heavy"},0)-1,0)>=3,0.7,IF(IFERROR(MATCH(Profiles!W9,{"None","Light","Medium","Heavy"},0)-1,0)>=2,0.85,1)),IF('User Input'!$B$43="joint",IF(OR(IFERROR(MATCH(Profiles!W9,{"None","Light","Medium","Heavy"},0)-1,0)>=3,IFERROR(MATCH(Profiles!AB9,{"Low","Medium","High"},0)-1,0)>=2),0.5,IF(OR(IFERROR(MATCH(Profiles!W9,{"None","Light","Medium","Heavy"},0)-1,0)>=2,IFERROR(MATCH(Profiles!AB9,{"Low","Medium","High"},0)-1,0)>=1),0.75,1)),IF(OR(IFERROR(MATCH(Profiles!W9,{"None","Light","Medium","Heavy"},0)-1,0)>=2,IFERROR(MATCH(Profiles!AB9,{"Low","Medium","High"},0)-1,0)>=2),0.3,IF(OR(IFERROR(MATCH(Profiles!W9,{"None","Light","Medium","Heavy"},0)-1,0)>=1,IFERROR(MATCH(Profiles!AB9,{"Low","Medium","High"},0)-1,0)>=1),0.6,0.9)))))
A9: =Profiles!A10 | B9: =Profiles!B10 | C9: =Profiles!C10 | D9: =Profiles!D10 | E9: =IF(ISNUMBER(Profiles!E10),IF(ISNUMBER(Profiles!F10),MAX(0,1-(MAX(0,ABS('User Input'!$B$9-Profiles!E10)-Profiles!F10))/Profiles!F10/3),MAX(0,1-ABS('User Input'!$B$9-Profiles!E10)/(Profiles!E10*0.1)/3)),0.5) | F9: =IF(ISNUMBER(Profiles!G10),IF(ISNUMBER(Profiles!H10),MAX(0,1-(MAX(0,ABS('User Input'!$B$10-Profiles!G10)-Profiles!H10))/Profiles!H10/3),MAX(0,1-ABS('User Input'!$B$10-Profiles!G10)/(Profiles!G10*0.15)/3)),0.5) | G9: =IF(ISNUMBER(Profiles!J10),MAX(0,1-ABS('User Input'!$B$12-Profiles!J10)/5/3),0.5) | H9: =IF(ISNUMBER(Profiles!K10),MAX(0,1-ABS('User Input'!$B$14-Profiles!K10)/0.03/3),"n/a") | I9: =100*MAX(0,1-(MAX(0,Profiles!M10-'User Input'!$B$17)+0.5*MAX(0,'User Input'!$B$17-Profiles!M10)+MAX(0,Profiles!N10-'User Input'!$B$18)+0.5*MAX(0,'User Input'!$B$18-Profiles!N10)+MAX(0,Profiles!O10-'User Input'!$B$19)+0.5*MAX(0,'User Input'!$B$19-Profiles!O10)+MAX(0,Profiles!P10-'User Input'!$B$20)+0.5*MAX(0,'User Input'!$B$20-Profiles!P10)+MAX(0,Profiles!Q10-'User Input'!$B$21)+0.5*MAX(0,'User Input'!$B$21-Profiles!Q10)+MAX(0,Profiles!S10-'User Input'!$B$22)+0.5*MAX(0,'User Input'!$B$22-Profiles!S10)+MAX(0,Profiles!T10-'User Input'!$B$23)+0.5*MAX(0,'User Input'!$B$23-Profiles!T10)+MAX(0,Profiles!U10-'User Input'!$B$24)+0.5*MAX(0,'User Input'!$B$24-Profiles!U10))/40) | J9: =ROUND(60*(E9+F9+G9+IFERROR(VALUE(H9),(E9+F9+G9)/3))/4 + 0.4*I9,1) | K9: =IF(OR(AND('User Input'!$B$6="M",Profiles!$AG10="M"),AND('User Input'!$B$6="F",Profiles!$AG10="F")),1,0) | L9: =IF('User Input'!$B$27="Either",(IF(Profiles!V10>=4,1,0.3)+IF(OR(Profiles!V10<=2,ISNUMBER(SEARCH("Individual",Profiles!D10))),1,0.3))/2,IF('User Input'!$B$27="Team",IF(Profiles!V10>=4,1,0.3),IF(OR(Profiles!V10<=2,ISNUMBER(SEARCH("Individual",Profiles!D10))),1,0.3))) | M9: =IF(IFERROR(MATCH(Profiles!W10,{"None","Light","Medium","Heavy"},0)-1,0)<=IFERROR(MATCH('User Input'!$B$28,{"None","Light","Medium","Heavy"},0)-1,3),1,MAX(0,1-0.4*(IFERROR(MATCH(Profiles!W10,{"None","Light","Medium","Heavy"},0)-1,0)-IFERROR(MATCH('User Input'!$B$28,{"None","Light","Medium","Heavy"},0)-1,3)))) | N9: =IF('User Input'!$B$29="neutral",1,IF('User Input'!$B$29="essential",IF(ISNUMBER(SEARCH("Outdoor",Profiles!X10)),1,0.3),IF('User Input'!$B$29="nice",IF(ISNUMBER(SEARCH("Outdoor",Profiles!X10)),1,0.65),IF('User Input'!$B$29="indoor",IF(ISNUMBER(SEARCH("Indoor",Profiles!X10)),1,0.4),1)))) | O9: =IF('User Input'!$B$30="Yes",1,IF(Profiles!Y10="Yes",0,1)) | P9: =IF(IFERROR(MATCH(Profiles!Z10,{"Low","Medium","High"},0),2)<=IFERROR(MATCH('User Input'!$B$31,{"Low","Medium","High"},0),2),1,MAX(0,1-0.4*(IFERROR(MATCH(Profiles!Z10,{"Low","Medium","High"},0),2)-IFERROR(MATCH('User Input'!$B$31,{"Low","Medium","High"},0),2)))) | Q9: =IF('User Input'!$B$32="Yes",IF(ISNUMBER(Profiles!AC10),Profiles!AC10/10,0.5),1) | R9: =IF(OR(K9=0,O9=0),0,ROUND(MIN(100,100*(K9*0.1+L9*0.2+M9*0.2+N9*0.1+P9*0.15+Q9*0.25)*W9*X9*Y9*Z9),1)) | S9: =IF(R9=0,0,ROUND(0.5*J9+0.5*R9,1)) | T9: =J9-ROW()/1000000 | U9: =R9-ROW()/1000000 | V9: =S9-ROW()/1000000 | W9: =IF(OR(AND(OR(Profiles!D10="Team field",Profiles!D10="Team field contact",Profiles!D10="Team field stick"),'User Input'!$B$34="Yes"),AND(OR(Profiles!D10="Team court",Profiles!D10="Team court contact"),'User Input'!$B$35="Yes"),AND(Profiles!D10="Individual racquet",'User Input'!$B$36="Yes"),AND(OR(Profiles!D10="Combat striking",Profiles!D10="Combat grappling",Profiles!D10="Combat mixed"),'User Input'!$B$37="Yes"),AND(OR(Profiles!D10="Team water contact",Profiles!D10="Individual water"),'User Input'!$B$38="Yes"),AND(OR(Profiles!D10="Endurance individual",Profiles!D10="Endurance individual / pair",Profiles!D10="Endurance individual / pursuit",Profiles!D10="Endurance team / pair",Profiles!D10="Endurance multi"),'User Input'!$B$39="Yes"),AND(OR(Profiles!D10="Strength individual",Profiles!D10="Power-throw individual"),'User Input'!$B$40="Yes"),AND(OR(Profiles!D10="Individual technical",Profiles!D10="Individual aesthetic",Profiles!D10="Team precision"),'User Input'!$B$41="Yes")),1.15,1) | X9: =IF('User Input'!$B$33<>"none",1,IF(IFERROR(VALUE(TRIM(MID(SUBSTITUTE(SUBSTITUTE(Profiles!AA10,"–","-"),"-",REPT(" ",100)),100,100)))<=14,FALSE),0.7,1)) | Y9: =IF(OR('User Input'!$B$42="under30",'User Input'!$B$42=""),1,IF('User Input'!$B$42="30to45",IF((IFERROR(MATCH(Profiles!W10,{"None","Light","Medium","Heavy"},0)-1,0)+IFERROR(MATCH(Profiles!AB10,{"Low","Medium","High"},0)-1,0))>=5,0.85,1),IF('User Input'!$B$42="46to60",IF((IFERROR(MATCH(Profiles!W10,{"None","Light","Medium","Heavy"},0)-1,0)+IFERROR(MATCH(Profiles!AB10,{"Low","Medium","High"},0)-1,0))>=5,0.65,IF((IFERROR(MATCH(Profiles!W10,{"None","Light","Medium","Heavy"},0)-1,0)+IFERROR(MATCH(Profiles!AB10,{"Low","Medium","High"},0)-1,0))>=4,0.8,IF((IFERROR(MATCH(Profiles!W10,{"None","Light","Medium","Heavy"},0)-1,0)+IFERROR(MATCH(Profiles!AB10,{"Low","Medium","High"},0)-1,0))>=3,0.9,1))),IF((IFERROR(MATCH(Profiles!W10,{"None","Light","Medium","Heavy"},0)-1,0)+IFERROR(MATCH(Profiles!AB10,{"Low","Medium","High"},0)-1,0))>=5,0.4,IF((IFERROR(MATCH(Profiles!W10,{"None","Light","Medium","Heavy"},0)-1,0)+IFERROR(MATCH(Profiles!AB10,{"Low","Medium","High"},0)-1,0))>=4,0.6,IF((IFERROR(MATCH(Profiles!W10,{"None","Light","Medium","Heavy"},0)-1,0)+IFERROR(MATCH(Profiles!AB10,{"Low","Medium","High"},0)-1,0))>=3,0.75,IF((IFERROR(MATCH(Profiles!W10,{"None","Light","Medium","Heavy"},0)-1,0)+IFERROR(MATCH(Profiles!AB10,{"Low","Medium","High"},0)-1,0))>=2,0.85,1))))))) | Z9: =IF(OR('User Input'!$B$43="none",'User Input'!$B$43=""),1,IF('User Input'!$B$43="minor",IF(IFERROR(MATCH(Profiles!W10,{"None","Light","Medium","Heavy"},0)-1,0)>=3,0.7,IF(IFERROR(MATCH(Profiles!W10,{"None","Light","Medium","Heavy"},0)-1,0)>=2,0.85,1)),IF('User Input'!$B$43="joint",IF(OR(IFERROR(MATCH(Profiles!W10,{"None","Light","Medium","Heavy"},0)-1,0)>=3,IFERROR(MATCH(Profiles!AB10,{"Low","Medium","High"},0)-1,0)>=2),0.5,IF(OR(IFERROR(MATCH(Profiles!W10,{"None","Light","Medium","Heavy"},0)-1,0)>=2,IFERROR(MATCH(Profiles!AB10,{"Low","Medium","High"},0)-1,0)>=1),0.75,1)),IF(OR(IFERROR(MATCH(Profiles!W10,{"None","Light","Medium","Heavy"},0)-1,0)>=2,IFERROR(MATCH(Profiles!AB10,{"Low","Medium","High"},0)-1,0)>=2),0.3,IF(OR(IFERROR(MATCH(Profiles!W10,{"None","Light","Medium","Heavy"},0)-1,0)>=1,IFERROR(MATCH(Profiles!AB10,{"Low","Medium","High"},0)-1,0)>=1),0.6,0.9)))))
A10: =Profiles!A11 | B10: =Profiles!B11 | C10: =Profiles!C11 | D10: =Profiles!D11 | E10: =IF(ISNUMBER(Profiles!E11),IF(ISNUMBER(Profiles!F11),MAX(0,1-(MAX(0,ABS('User Input'!$B$9-Profiles!E11)-Profiles!F11))/Profiles!F11/3),MAX(0,1-ABS('User Input'!$B$9-Profiles!E11)/(Profiles!E11*0.1)/3)),0.5) | F10: =IF(ISNUMBER(Profiles!G11),IF(ISNUMBER(Profiles!H11),MAX(0,1-(MAX(0,ABS('User Input'!$B$10-Profiles!G11)-Profiles!H11))/Profiles!H11/3),MAX(0,1-ABS('User Input'!$B$10-Profiles!G11)/(Profiles!G11*0.15)/3)),0.5) | G10: =IF(ISNUMBER(Profiles!J11),MAX(0,1-ABS('User Input'!$B$12-Profiles!J11)/5/3),0.5) | H10: =IF(ISNUMBER(Profiles!K11),MAX(0,1-ABS('User Input'!$B$14-Profiles!K11)/0.03/3),"n/a") | I10: =100*MAX(0,1-(MAX(0,Profiles!M11-'User Input'!$B$17)+0.5*MAX(0,'User Input'!$B$17-Profiles!M11)+MAX(0,Profiles!N11-'User Input'!$B$18)+0.5*MAX(0,'User Input'!$B$18-Profiles!N11)+MAX(0,Profiles!O11-'User Input'!$B$19)+0.5*MAX(0,'User Input'!$B$19-Profiles!O11)+MAX(0,Profiles!P11-'User Input'!$B$20)+0.5*MAX(0,'User Input'!$B$20-Profiles!P11)+MAX(0,Profiles!Q11-'User Input'!$B$21)+0.5*MAX(0,'User Input'!$B$21-Profiles!Q11)+MAX(0,Profiles!S11-'User Input'!$B$22)+0.5*MAX(0,'User Input'!$B$22-Profiles!S11)+MAX(0,Profiles!T11-'User Input'!$B$23)+0.5*MAX(0,'User Input'!$B$23-Profiles!T11)+MAX(0,Profiles!U11-'User Input'!$B$24)+0.5*MAX(0,'User Input'!$B$24-Profiles!U11))/40) | J10: =ROUND(60*(E10+F10+G10+IFERROR(VALUE(H10),(E10+F10+G10)/3))/4 + 0.4*I10,1) | K10: =IF(OR(AND('User Input'!$B$6="M",Profiles!$AG11="M"),AND('User Input'!$B$6="F",Profiles!$AG11="F")),1,0) | L10: =IF('User Input'!$B$27="Either",(IF(Profiles!V11>=4,1,0.3)+IF(OR(Profiles!V11<=2,ISNUMBER(SEARCH("Individual",Profiles!D11))),1,0.3))/2,IF('User Input'!$B$27="Team",IF(Profiles!V11>=4,1,0.3),IF(OR(Profiles!V11<=2,ISNUMBER(SEARCH("Individual",Profiles!D11))),1,0.3))) | M10: =IF(IFERROR(MATCH(Profiles!W11,{"None","Light","Medium","Heavy"},0)-1,0)<=IFERROR(MATCH('User Input'!$B$28,{"None","Light","Medium","Heavy"},0)-1,3),1,MAX(0,1-0.4*(IFERROR(MATCH(Profiles!W11,{"None","Light","Medium","Heavy"},0)-1,0)-IFERROR(MATCH('User Input'!$B$28,{"None","Light","Medium","Heavy"},0)-1,3)))) | N10: =IF('User Input'!$B$29="neutral",1,IF('User Input'!$B$29="essential",IF(ISNUMBER(SEARCH("Outdoor",Profiles!X11)),1,0.3),IF('User Input'!$B$29="nice",IF(ISNUMBER(SEARCH("Outdoor",Profiles!X11)),1,0.65),IF('User Input'!$B$29="indoor",IF(ISNUMBER(SEARCH("Indoor",Profiles!X11)),1,0.4),1)))) | O10: =IF('User Input'!$B$30="Yes",1,IF(Profiles!Y11="Yes",0,1)) | P10: =IF(IFERROR(MATCH(Profiles!Z11,{"Low","Medium","High"},0),2)<=IFERROR(MATCH('User Input'!$B$31,{"Low","Medium","High"},0),2),1,MAX(0,1-0.4*(IFERROR(MATCH(Profiles!Z11,{"Low","Medium","High"},0),2)-IFERROR(MATCH('User Input'!$B$31,{"Low","Medium","High"},0),2)))) | Q10: =IF('User Input'!$B$32="Yes",IF(ISNUMBER(Profiles!AC11),Profiles!AC11/10,0.5),1) | R10: =IF(OR(K10=0,O10=0),0,ROUND(MIN(100,100*(K10*0.1+L10*0.2+M10*0.2+N10*0.1+P10*0.15+Q10*0.25)*W10*X10*Y10*Z10),1)) | S10: =IF(R10=0,0,ROUND(0.5*J10+0.5*R10,1)) | T10: =J10-ROW()/1000000 | U10: =R10-ROW()/1000000 | V10: =S10-ROW()/1000000 | W10: =IF(OR(AND(OR(Profiles!D11="Team field",Profiles!D11="Team field contact",Profiles!D11="Team field stick"),'User Input'!$B$34="Yes"),AND(OR(Profiles!D11="Team court",Profiles!D11="Team court contact"),'User Input'!$B$35="Yes"),AND(Profiles!D11="Individual racquet",'User Input'!$B$36="Yes"),AND(OR(Profiles!D11="Combat striking",Profiles!D11="Combat grappling",Profiles!D11="Combat mixed"),'User Input'!$B$37="Yes"),AND(OR(Profiles!D11="Team water contact",Profiles!D11="Individual water"),'User Input'!$B$38="Yes"),AND(OR(Profiles!D11="Endurance individual",Profiles!D11="Endurance individual / pair",Profiles!D11="Endurance individual / pursuit",Profiles!D11="Endurance team / pair",Profiles!D11="Endurance multi"),'User Input'!$B$39="Yes"),AND(OR(Profiles!D11="Strength individual",Profiles!D11="Power-throw individual"),'User Input'!$B$40="Yes"),AND(OR(Profiles!D11="Individual technical",Profiles!D11="Individual aesthetic",Profiles!D11="Team precision"),'User Input'!$B$41="Yes")),1.15,1) | X10: =IF('User Input'!$B$33<>"none",1,IF(IFERROR(VALUE(TRIM(MID(SUBSTITUTE(SUBSTITUTE(Profiles!AA11,"–","-"),"-",REPT(" ",100)),100,100)))<=14,FALSE),0.7,1)) | Y10: =IF(OR('User Input'!$B$42="under30",'User Input'!$B$42=""),1,IF('User Input'!$B$42="30to45",IF((IFERROR(MATCH(Profiles!W11,{"None","Light","Medium","Heavy"},0)-1,0)+IFERROR(MATCH(Profiles!AB11,{"Low","Medium","High"},0)-1,0))>=5,0.85,1),IF('User Input'!$B$42="46to60",IF((IFERROR(MATCH(Profiles!W11,{"None","Light","Medium","Heavy"},0)-1,0)+IFERROR(MATCH(Profiles!AB11,{"Low","Medium","High"},0)-1,0))>=5,0.65,IF((IFERROR(MATCH(Profiles!W11,{"None","Light","Medium","Heavy"},0)-1,0)+IFERROR(MATCH(Profiles!AB11,{"Low","Medium","High"},0)-1,0))>=4,0.8,IF((IFERROR(MATCH(Profiles!W11,{"None","Light","Medium","Heavy"},0)-1,0)+IFERROR(MATCH(Profiles!AB11,{"Low","Medium","High"},0)-1,0))>=3,0.9,1))),IF((IFERROR(MATCH(Profiles!W11,{"None","Light","Medium","Heavy"},0)-1,0)+IFERROR(MATCH(Profiles!AB11,{"Low","Medium","High"},0)-1,0))>=5,0.4,IF((IFERROR(MATCH(Profiles!W11,{"None","Light","Medium","Heavy"},0)-1,0)+IFERROR(MATCH(Profiles!AB11,{"Low","Medium","High"},0)-1,0))>=4,0.6,IF((IFERROR(MATCH(Profiles!W11,{"None","Light","Medium","Heavy"},0)-1,0)+IFERROR(MATCH(Profiles!AB11,{"Low","Medium","High"},0)-1,0))>=3,0.75,IF((IFERROR(MATCH(Profiles!W11,{"None","Light","Medium","Heavy"},0)-1,0)+IFERROR(MATCH(Profiles!AB11,{"Low","Medium","High"},0)-1,0))>=2,0.85,1))))))) | Z10: =IF(OR('User Input'!$B$43="none",'User Input'!$B$43=""),1,IF('User Input'!$B$43="minor",IF(IFERROR(MATCH(Profiles!W11,{"None","Light","Medium","Heavy"},0)-1,0)>=3,0.7,IF(IFERROR(MATCH(Profiles!W11,{"None","Light","Medium","Heavy"},0)-1,0)>=2,0.85,1)),IF('User Input'!$B$43="joint",IF(OR(IFERROR(MATCH(Profiles!W11,{"None","Light","Medium","Heavy"},0)-1,0)>=3,IFERROR(MATCH(Profiles!AB11,{"Low","Medium","High"},0)-1,0)>=2),0.5,IF(OR(IFERROR(MATCH(Profiles!W11,{"None","Light","Medium","Heavy"},0)-1,0)>=2,IFERROR(MATCH(Profiles!AB11,{"Low","Medium","High"},0)-1,0)>=1),0.75,1)),IF(OR(IFERROR(MATCH(Profiles!W11,{"None","Light","Medium","Heavy"},0)-1,0)>=2,IFERROR(MATCH(Profiles!AB11,{"Low","Medium","High"},0)-1,0)>=2),0.3,IF(OR(IFERROR(MATCH(Profiles!W11,{"None","Light","Medium","Heavy"},0)-1,0)>=1,IFERROR(MATCH(Profiles!AB11,{"Low","Medium","High"},0)-1,0)>=1),0.6,0.9)))))
A11: =Profiles!A12 | B11: =Profiles!B12 | C11: =Profiles!C12 | D11: =Profiles!D12 | E11: =IF(ISNUMBER(Profiles!E12),IF(ISNUMBER(Profiles!F12),MAX(0,1-(MAX(0,ABS('User Input'!$B$9-Profiles!E12)-Profiles!F12))/Profiles!F12/3),MAX(0,1-ABS('User Input'!$B$9-Profiles!E12)/(Profiles!E12*0.1)/3)),0.5) | F11: =IF(ISNUMBER(Profiles!G12),IF(ISNUMBER(Profiles!H12),MAX(0,1-(MAX(0,ABS('User Input'!$B$10-Profiles!G12)-Profiles!H12))/Profiles!H12/3),MAX(0,1-ABS('User Input'!$B$10-Profiles!G12)/(Profiles!G12*0.15)/3)),0.5) | G11: =IF(ISNUMBER(Profiles!J12),MAX(0,1-ABS('User Input'!$B$12-Profiles!J12)/5/3),0.5) | H11: =IF(ISNUMBER(Profiles!K12),MAX(0,1-ABS('User Input'!$B$14-Profiles!K12)/0.03/3),"n/a") | I11: =100*MAX(0,1-(MAX(0,Profiles!M12-'User Input'!$B$17)+0.5*MAX(0,'User Input'!$B$17-Profiles!M12)+MAX(0,Profiles!N12-'User Input'!$B$18)+0.5*MAX(0,'User Input'!$B$18-Profiles!N12)+MAX(0,Profiles!O12-'User Input'!$B$19)+0.5*MAX(0,'User Input'!$B$19-Profiles!O12)+MAX(0,Profiles!P12-'User Input'!$B$20)+0.5*MAX(0,'User Input'!$B$20-Profiles!P12)+MAX(0,Profiles!Q12-'User Input'!$B$21)+0.5*MAX(0,'User Input'!$B$21-Profiles!Q12)+MAX(0,Profiles!S12-'User Input'!$B$22)+0.5*MAX(0,'User Input'!$B$22-Profiles!S12)+MAX(0,Profiles!T12-'User Input'!$B$23)+0.5*MAX(0,'User Input'!$B$23-Profiles!T12)+MAX(0,Profiles!U12-'User Input'!$B$24)+0.5*MAX(0,'User Input'!$B$24-Profiles!U12))/40) | J11: =ROUND(60*(E11+F11+G11+IFERROR(VALUE(H11),(E11+F11+G11)/3))/4 + 0.4*I11,1) | K11: =IF(OR(AND('User Input'!$B$6="M",Profiles!$AG12="M"),AND('User Input'!$B$6="F",Profiles!$AG12="F")),1,0) | L11: =IF('User Input'!$B$27="Either",(IF(Profiles!V12>=4,1,0.3)+IF(OR(Profiles!V12<=2,ISNUMBER(SEARCH("Individual",Profiles!D12))),1,0.3))/2,IF('User Input'!$B$27="Team",IF(Profiles!V12>=4,1,0.3),IF(OR(Profiles!V12<=2,ISNUMBER(SEARCH("Individual",Profiles!D12))),1,0.3))) | M11: =IF(IFERROR(MATCH(Profiles!W12,{"None","Light","Medium","Heavy"},0)-1,0)<=IFERROR(MATCH('User Input'!$B$28,{"None","Light","Medium","Heavy"},0)-1,3),1,MAX(0,1-0.4*(IFERROR(MATCH(Profiles!W12,{"None","Light","Medium","Heavy"},0)-1,0)-IFERROR(MATCH('User Input'!$B$28,{"None","Light","Medium","Heavy"},0)-1,3)))) | N11: =IF('User Input'!$B$29="neutral",1,IF('User Input'!$B$29="essential",IF(ISNUMBER(SEARCH("Outdoor",Profiles!X12)),1,0.3),IF('User Input'!$B$29="nice",IF(ISNUMBER(SEARCH("Outdoor",Profiles!X12)),1,0.65),IF('User Input'!$B$29="indoor",IF(ISNUMBER(SEARCH("Indoor",Profiles!X12)),1,0.4),1)))) | O11: =IF('User Input'!$B$30="Yes",1,IF(Profiles!Y12="Yes",0,1)) | P11: =IF(IFERROR(MATCH(Profiles!Z12,{"Low","Medium","High"},0),2)<=IFERROR(MATCH('User Input'!$B$31,{"Low","Medium","High"},0),2),1,MAX(0,1-0.4*(IFERROR(MATCH(Profiles!Z12,{"Low","Medium","High"},0),2)-IFERROR(MATCH('User Input'!$B$31,{"Low","Medium","High"},0),2)))) | Q11: =IF('User Input'!$B$32="Yes",IF(ISNUMBER(Profiles!AC12),Profiles!AC12/10,0.5),1) | R11: =IF(OR(K11=0,O11=0),0,ROUND(MIN(100,100*(K11*0.1+L11*0.2+M11*0.2+N11*0.1+P11*0.15+Q11*0.25)*W11*X11*Y11*Z11),1)) | S11: =IF(R11=0,0,ROUND(0.5*J11+0.5*R11,1)) | T11: =J11-ROW()/1000000 | U11: =R11-ROW()/1000000 | V11: =S11-ROW()/1000000 | W11: =IF(OR(AND(OR(Profiles!D12="Team field",Profiles!D12="Team field contact",Profiles!D12="Team field stick"),'User Input'!$B$34="Yes"),AND(OR(Profiles!D12="Team court",Profiles!D12="Team court contact"),'User Input'!$B$35="Yes"),AND(Profiles!D12="Individual racquet",'User Input'!$B$36="Yes"),AND(OR(Profiles!D12="Combat striking",Profiles!D12="Combat grappling",Profiles!D12="Combat mixed"),'User Input'!$B$37="Yes"),AND(OR(Profiles!D12="Team water contact",Profiles!D12="Individual water"),'User Input'!$B$38="Yes"),AND(OR(Profiles!D12="Endurance individual",Profiles!D12="Endurance individual / pair",Profiles!D12="Endurance individual / pursuit",Profiles!D12="Endurance team / pair",Profiles!D12="Endurance multi"),'User Input'!$B$39="Yes"),AND(OR(Profiles!D12="Strength individual",Profiles!D12="Power-throw individual"),'User Input'!$B$40="Yes"),AND(OR(Profiles!D12="Individual technical",Profiles!D12="Individual aesthetic",Profiles!D12="Team precision"),'User Input'!$B$41="Yes")),1.15,1) | X11: =IF('User Input'!$B$33<>"none",1,IF(IFERROR(VALUE(TRIM(MID(SUBSTITUTE(SUBSTITUTE(Profiles!AA12,"–","-"),"-",REPT(" ",100)),100,100)))<=14,FALSE),0.7,1)) | Y11: =IF(OR('User Input'!$B$42="under30",'User Input'!$B$42=""),1,IF('User Input'!$B$42="30to45",IF((IFERROR(MATCH(Profiles!W12,{"None","Light","Medium","Heavy"},0)-1,0)+IFERROR(MATCH(Profiles!AB12,{"Low","Medium","High"},0)-1,0))>=5,0.85,1),IF('User Input'!$B$42="46to60",IF((IFERROR(MATCH(Profiles!W12,{"None","Light","Medium","Heavy"},0)-1,0)+IFERROR(MATCH(Profiles!AB12,{"Low","Medium","High"},0)-1,0))>=5,0.65,IF((IFERROR(MATCH(Profiles!W12,{"None","Light","Medium","Heavy"},0)-1,0)+IFERROR(MATCH(Profiles!AB12,{"Low","Medium","High"},0)-1,0))>=4,0.8,IF((IFERROR(MATCH(Profiles!W12,{"None","Light","Medium","Heavy"},0)-1,0)+IFERROR(MATCH(Profiles!AB12,{"Low","Medium","High"},0)-1,0))>=3,0.9,1))),IF((IFERROR(MATCH(Profiles!W12,{"None","Light","Medium","Heavy"},0)-1,0)+IFERROR(MATCH(Profiles!AB12,{"Low","Medium","High"},0)-1,0))>=5,0.4,IF((IFERROR(MATCH(Profiles!W12,{"None","Light","Medium","Heavy"},0)-1,0)+IFERROR(MATCH(Profiles!AB12,{"Low","Medium","High"},0)-1,0))>=4,0.6,IF((IFERROR(MATCH(Profiles!W12,{"None","Light","Medium","Heavy"},0)-1,0)+IFERROR(MATCH(Profiles!AB12,{"Low","Medium","High"},0)-1,0))>=3,0.75,IF((IFERROR(MATCH(Profiles!W12,{"None","Light","Medium","Heavy"},0)-1,0)+IFERROR(MATCH(Profiles!AB12,{"Low","Medium","High"},0)-1,0))>=2,0.85,1))))))) | Z11: =IF(OR('User Input'!$B$43="none",'User Input'!$B$43=""),1,IF('User Input'!$B$43="minor",IF(IFERROR(MATCH(Profiles!W12,{"None","Light","Medium","Heavy"},0)-1,0)>=3,0.7,IF(IFERROR(MATCH(Profiles!W12,{"None","Light","Medium","Heavy"},0)-1,0)>=2,0.85,1)),IF('User Input'!$B$43="joint",IF(OR(IFERROR(MATCH(Profiles!W12,{"None","Light","Medium","Heavy"},0)-1,0)>=3,IFERROR(MATCH(Profiles!AB12,{"Low","Medium","High"},0)-1,0)>=2),0.5,IF(OR(IFERROR(MATCH(Profiles!W12,{"None","Light","Medium","Heavy"},0)-1,0)>=2,IFERROR(MATCH(Profiles!AB12,{"Low","Medium","High"},0)-1,0)>=1),0.75,1)),IF(OR(IFERROR(MATCH(Profiles!W12,{"None","Light","Medium","Heavy"},0)-1,0)>=2,IFERROR(MATCH(Profiles!AB12,{"Low","Medium","High"},0)-1,0)>=2),0.3,IF(OR(IFERROR(MATCH(Profiles!W12,{"None","Light","Medium","Heavy"},0)-1,0)>=1,IFERROR(MATCH(Profiles!AB12,{"Low","Medium","High"},0)-1,0)>=1),0.6,0.9)))))
A12: =Profiles!A13 | B12: =Profiles!B13 | C12: =Profiles!C13 | D12: =Profiles!D13 | E12: =IF(ISNUMBER(Profiles!E13),IF(ISNUMBER(Profiles!F13),MAX(0,1-(MAX(0,ABS('User Input'!$B$9-Profiles!E13)-Profiles!F13))/Profiles!F13/3),MAX(0,1-ABS('User Input'!$B$9-Profiles!E13)/(Profiles!E13*0.1)/3)),0.5) | F12: =IF(ISNUMBER(Profiles!G13),IF(ISNUMBER(Profiles!H13),MAX(0,1-(MAX(0,ABS('User Input'!$B$10-Profiles!G13)-Profiles!H13))/Profiles!H13/3),MAX(0,1-ABS('User Input'!$B$10-Profiles!G13)/(Profiles!G13*0.15)/3)),0.5) | G12: =IF(ISNUMBER(Profiles!J13),MAX(0,1-ABS('User Input'!$B$12-Profiles!J13)/5/3),0.5) | H12: =IF(ISNUMBER(Profiles!K13),MAX(0,1-ABS('User Input'!$B$14-Profiles!K13)/0.03/3),"n/a") | I12: =100*MAX(0,1-(MAX(0,Profiles!M13-'User Input'!$B$17)+0.5*MAX(0,'User Input'!$B$17-Profiles!M13)+MAX(0,Profiles!N13-'User Input'!$B$18)+0.5*MAX(0,'User Input'!$B$18-Profiles!N13)+MAX(0,Profiles!O13-'User Input'!$B$19)+0.5*MAX(0,'User Input'!$B$19-Profiles!O13)+MAX(0,Profiles!P13-'User Input'!$B$20)+0.5*MAX(0,'User Input'!$B$20-Profiles!P13)+MAX(0,Profiles!Q13-'User Input'!$B$21)+0.5*MAX(0,'User Input'!$B$21-Profiles!Q13)+MAX(0,Profiles!S13-'User Input'!$B$22)+0.5*MAX(0,'User Input'!$B$22-Profiles!S13)+MAX(0,Profiles!T13-'User Input'!$B$23)+0.5*MAX(0,'User Input'!$B$23-Profiles!T13)+MAX(0,Profiles!U13-'User Input'!$B$24)+0.5*MAX(0,'User Input'!$B$24-Profiles!U13))/40) | J12: =ROUND(60*(E12+F12+G12+IFERROR(VALUE(H12),(E12+F12+G12)/3))/4 + 0.4*I12,1) | K12: =IF(OR(AND('User Input'!$B$6="M",Profiles!$AG13="M"),AND('User Input'!$B$6="F",Profiles!$AG13="F")),1,0) | L12: =IF('User Input'!$B$27="Either",(IF(Profiles!V13>=4,1,0.3)+IF(OR(Profiles!V13<=2,ISNUMBER(SEARCH("Individual",Profiles!D13))),1,0.3))/2,IF('User Input'!$B$27="Team",IF(Profiles!V13>=4,1,0.3),IF(OR(Profiles!V13<=2,ISNUMBER(SEARCH("Individual",Profiles!D13))),1,0.3))) | M12: =IF(IFERROR(MATCH(Profiles!W13,{"None","Light","Medium","Heavy"},0)-1,0)<=IFERROR(MATCH('User Input'!$B$28,{"None","Light","Medium","Heavy"},0)-1,3),1,MAX(0,1-0.4*(IFERROR(MATCH(Profiles!W13,{"None","Light","Medium","Heavy"},0)-1,0)-IFERROR(MATCH('User Input'!$B$28,{"None","Light","Medium","Heavy"},0)-1,3)))) | N12: =IF('User Input'!$B$29="neutral",1,IF('User Input'!$B$29="essential",IF(ISNUMBER(SEARCH("Outdoor",Profiles!X13)),1,0.3),IF('User Input'!$B$29="nice",IF(ISNUMBER(SEARCH("Outdoor",Profiles!X13)),1,0.65),IF('User Input'!$B$29="indoor",IF(ISNUMBER(SEARCH("Indoor",Profiles!X13)),1,0.4),1)))) | O12: =IF('User Input'!$B$30="Yes",1,IF(Profiles!Y13="Yes",0,1)) | P12: =IF(IFERROR(MATCH(Profiles!Z13,{"Low","Medium","High"},0),2)<=IFERROR(MATCH('User Input'!$B$31,{"Low","Medium","High"},0),2),1,MAX(0,1-0.4*(IFERROR(MATCH(Profiles!Z13,{"Low","Medium","High"},0),2)-IFERROR(MATCH('User Input'!$B$31,{"Low","Medium","High"},0),2)))) | Q12: =IF('User Input'!$B$32="Yes",IF(ISNUMBER(Profiles!AC13),Profiles!AC13/10,0.5),1) | R12: =IF(OR(K12=0,O12=0),0,ROUND(MIN(100,100*(K12*0.1+L12*0.2+M12*0.2+N12*0.1+P12*0.15+Q12*0.25)*W12*X12*Y12*Z12),1)) | S12: =IF(R12=0,0,ROUND(0.5*J12+0.5*R12,1)) | T12: =J12-ROW()/1000000 | U12: =R12-ROW()/1000000 | V12: =S12-ROW()/1000000 | W12: =IF(OR(AND(OR(Profiles!D13="Team field",Profiles!D13="Team field contact",Profiles!D13="Team field stick"),'User Input'!$B$34="Yes"),AND(OR(Profiles!D13="Team court",Profiles!D13="Team court contact"),'User Input'!$B$35="Yes"),AND(Profiles!D13="Individual racquet",'User Input'!$B$36="Yes"),AND(OR(Profiles!D13="Combat striking",Profiles!D13="Combat grappling",Profiles!D13="Combat mixed"),'User Input'!$B$37="Yes"),AND(OR(Profiles!D13="Team water contact",Profiles!D13="Individual water"),'User Input'!$B$38="Yes"),AND(OR(Profiles!D13="Endurance individual",Profiles!D13="Endurance individual / pair",Profiles!D13="Endurance individual / pursuit",Profiles!D13="Endurance team / pair",Profiles!D13="Endurance multi"),'User Input'!$B$39="Yes"),AND(OR(Profiles!D13="Strength individual",Profiles!D13="Power-throw individual"),'User Input'!$B$40="Yes"),AND(OR(Profiles!D13="Individual technical",Profiles!D13="Individual aesthetic",Profiles!D13="Team precision"),'User Input'!$B$41="Yes")),1.15,1) | X12: =IF('User Input'!$B$33<>"none",1,IF(IFERROR(VALUE(TRIM(MID(SUBSTITUTE(SUBSTITUTE(Profiles!AA13,"–","-"),"-",REPT(" ",100)),100,100)))<=14,FALSE),0.7,1)) | Y12: =IF(OR('User Input'!$B$42="under30",'User Input'!$B$42=""),1,IF('User Input'!$B$42="30to45",IF((IFERROR(MATCH(Profiles!W13,{"None","Light","Medium","Heavy"},0)-1,0)+IFERROR(MATCH(Profiles!AB13,{"Low","Medium","High"},0)-1,0))>=5,0.85,1),IF('User Input'!$B$42="46to60",IF((IFERROR(MATCH(Profiles!W13,{"None","Light","Medium","Heavy"},0)-1,0)+IFERROR(MATCH(Profiles!AB13,{"Low","Medium","High"},0)-1,0))>=5,0.65,IF((IFERROR(MATCH(Profiles!W13,{"None","Light","Medium","Heavy"},0)-1,0)+IFERROR(MATCH(Profiles!AB13,{"Low","Medium","High"},0)-1,0))>=4,0.8,IF((IFERROR(MATCH(Profiles!W13,{"None","Light","Medium","Heavy"},0)-1,0)+IFERROR(MATCH(Profiles!AB13,{"Low","Medium","High"},0)-1,0))>=3,0.9,1))),IF((IFERROR(MATCH(Profiles!W13,{"None","Light","Medium","Heavy"},0)-1,0)+IFERROR(MATCH(Profiles!AB13,{"Low","Medium","High"},0)-1,0))>=5,0.4,IF((IFERROR(MATCH(Profiles!W13,{"None","Light","Medium","Heavy"},0)-1,0)+IFERROR(MATCH(Profiles!AB13,{"Low","Medium","High"},0)-1,0))>=4,0.6,IF((IFERROR(MATCH(Profiles!W13,{"None","Light","Medium","Heavy"},0)-1,0)+IFERROR(MATCH(Profiles!AB13,{"Low","Medium","High"},0)-1,0))>=3,0.75,IF((IFERROR(MATCH(Profiles!W13,{"None","Light","Medium","Heavy"},0)-1,0)+IFERROR(MATCH(Profiles!AB13,{"Low","Medium","High"},0)-1,0))>=2,0.85,1))))))) | Z12: =IF(OR('User Input'!$B$43="none",'User Input'!$B$43=""),1,IF('User Input'!$B$43="minor",IF(IFERROR(MATCH(Profiles!W13,{"None","Light","Medium","Heavy"},0)-1,0)>=3,0.7,IF(IFERROR(MATCH(Profiles!W13,{"None","Light","Medium","Heavy"},0)-1,0)>=2,0.85,1)),IF('User Input'!$B$43="joint",IF(OR(IFERROR(MATCH(Profiles!W13,{"None","Light","Medium","Heavy"},0)-1,0)>=3,IFERROR(MATCH(Profiles!AB13,{"Low","Medium","High"},0)-1,0)>=2),0.5,IF(OR(IFERROR(MATCH(Profiles!W13,{"None","Light","Medium","Heavy"},0)-1,0)>=2,IFERROR(MATCH(Profiles!AB13,{"Low","Medium","High"},0)-1,0)>=1),0.75,1)),IF(OR(IFERROR(MATCH(Profiles!W13,{"None","Light","Medium","Heavy"},0)-1,0)>=2,IFERROR(MATCH(Profiles!AB13,{"Low","Medium","High"},0)-1,0)>=2),0.3,IF(OR(IFERROR(MATCH(Profiles!W13,{"None","Light","Medium","Heavy"},0)-1,0)>=1,IFERROR(MATCH(Profiles!AB13,{"Low","Medium","High"},0)-1,0)>=1),0.6,0.9)))))
A13: =Profiles!A14 | B13: =Profiles!B14 | C13: =Profiles!C14 | D13: =Profiles!D14 | E13: =IF(ISNUMBER(Profiles!E14),IF(ISNUMBER(Profiles!F14),MAX(0,1-(MAX(0,ABS('User Input'!$B$9-Profiles!E14)-Profiles!F14))/Profiles!F14/3),MAX(0,1-ABS('User Input'!$B$9-Profiles!E14)/(Profiles!E14*0.1)/3)),0.5) | F13: =IF(ISNUMBER(Profiles!G14),IF(ISNUMBER(Profiles!H14),MAX(0,1-(MAX(0,ABS('User Input'!$B$10-Profiles!G14)-Profiles!H14))/Profiles!H14/3),MAX(0,1-ABS('User Input'!$B$10-Profiles!G14)/(Profiles!G14*0.15)/3)),0.5) | G13: =IF(ISNUMBER(Profiles!J14),MAX(0,1-ABS('User Input'!$B$12-Profiles!J14)/5/3),0.5) | H13: =IF(ISNUMBER(Profiles!K14),MAX(0,1-ABS('User Input'!$B$14-Profiles!K14)/0.03/3),"n/a") | I13: =100*MAX(0,1-(MAX(0,Profiles!M14-'User Input'!$B$17)+0.5*MAX(0,'User Input'!$B$17-Profiles!M14)+MAX(0,Profiles!N14-'User Input'!$B$18)+0.5*MAX(0,'User Input'!$B$18-Profiles!N14)+MAX(0,Profiles!O14-'User Input'!$B$19)+0.5*MAX(0,'User Input'!$B$19-Profiles!O14)+MAX(0,Profiles!P14-'User Input'!$B$20)+0.5*MAX(0,'User Input'!$B$20-Profiles!P14)+MAX(0,Profiles!Q14-'User Input'!$B$21)+0.5*MAX(0,'User Input'!$B$21-Profiles!Q14)+MAX(0,Profiles!S14-'User Input'!$B$22)+0.5*MAX(0,'User Input'!$B$22-Profiles!S14)+MAX(0,Profiles!T14-'User Input'!$B$23)+0.5*MAX(0,'User Input'!$B$23-Profiles!T14)+MAX(0,Profiles!U14-'User Input'!$B$24)+0.5*MAX(0,'User Input'!$B$24-Profiles!U14))/40) | J13: =ROUND(60*(E13+F13+G13+IFERROR(VALUE(H13),(E13+F13+G13)/3))/4 + 0.4*I13,1) | K13: =IF(OR(AND('User Input'!$B$6="M",Profiles!$AG14="M"),AND('User Input'!$B$6="F",Profiles!$AG14="F")),1,0) | L13: =IF('User Input'!$B$27="Either",(IF(Profiles!V14>=4,1,0.3)+IF(OR(Profiles!V14<=2,ISNUMBER(SEARCH("Individual",Profiles!D14))),1,0.3))/2,IF('User Input'!$B$27="Team",IF(Profiles!V14>=4,1,0.3),IF(OR(Profiles!V14<=2,ISNUMBER(SEARCH("Individual",Profiles!D14))),1,0.3))) | M13: =IF(IFERROR(MATCH(Profiles!W14,{"None","Light","Medium","Heavy"},0)-1,0)<=IFERROR(MATCH('User Input'!$B$28,{"None","Light","Medium","Heavy"},0)-1,3),1,MAX(0,1-0.4*(IFERROR(MATCH(Profiles!W14,{"None","Light","Medium","Heavy"},0)-1,0)-IFERROR(MATCH('User Input'!$B$28,{"None","Light","Medium","Heavy"},0)-1,3)))) | N13: =IF('User Input'!$B$29="neutral",1,IF('User Input'!$B$29="essential",IF(ISNUMBER(SEARCH("Outdoor",Profiles!X14)),1,0.3),IF('User Input'!$B$29="nice",IF(ISNUMBER(SEARCH("Outdoor",Profiles!X14)),1,0.65),IF('User Input'!$B$29="indoor",IF(ISNUMBER(SEARCH("Indoor",Profiles!X14)),1,0.4),1)))) | O13: =IF('User Input'!$B$30="Yes",1,IF(Profiles!Y14="Yes",0,1)) | P13: =IF(IFERROR(MATCH(Profiles!Z14,{"Low","Medium","High"},0),2)<=IFERROR(MATCH('User Input'!$B$31,{"Low","Medium","High"},0),2),1,MAX(0,1-0.4*(IFERROR(MATCH(Profiles!Z14,{"Low","Medium","High"},0),2)-IFERROR(MATCH('User Input'!$B$31,{"Low","Medium","High"},0),2)))) | Q13: =IF('User Input'!$B$32="Yes",IF(ISNUMBER(Profiles!AC14),Profiles!AC14/10,0.5),1) | R13: =IF(OR(K13=0,O13=0),0,ROUND(MIN(100,100*(K13*0.1+L13*0.2+M13*0.2+N13*0.1+P13*0.15+Q13*0.25)*W13*X13*Y13*Z13),1)) | S13: =IF(R13=0,0,ROUND(0.5*J13+0.5*R13,1)) | T13: =J13-ROW()/1000000 | U13: =R13-ROW()/1000000 | V13: =S13-ROW()/1000000 | W13: =IF(OR(AND(OR(Profiles!D14="Team field",Profiles!D14="Team field contact",Profiles!D14="Team field stick"),'User Input'!$B$34="Yes"),AND(OR(Profiles!D14="Team court",Profiles!D14="Team court contact"),'User Input'!$B$35="Yes"),AND(Profiles!D14="Individual racquet",'User Input'!$B$36="Yes"),AND(OR(Profiles!D14="Combat striking",Profiles!D14="Combat grappling",Profiles!D14="Combat mixed"),'User Input'!$B$37="Yes"),AND(OR(Profiles!D14="Team water contact",Profiles!D14="Individual water"),'User Input'!$B$38="Yes"),AND(OR(Profiles!D14="Endurance individual",Profiles!D14="Endurance individual / pair",Profiles!D14="Endurance individual / pursuit",Profiles!D14="Endurance team / pair",Profiles!D14="Endurance multi"),'User Input'!$B$39="Yes"),AND(OR(Profiles!D14="Strength individual",Profiles!D14="Power-throw individual"),'User Input'!$B$40="Yes"),AND(OR(Profiles!D14="Individual technical",Profiles!D14="Individual aesthetic",Profiles!D14="Team precision"),'User Input'!$B$41="Yes")),1.15,1) | X13: =IF('User Input'!$B$33<>"none",1,IF(IFERROR(VALUE(TRIM(MID(SUBSTITUTE(SUBSTITUTE(Profiles!AA14,"–","-"),"-",REPT(" ",100)),100,100)))<=14,FALSE),0.7,1)) | Y13: =IF(OR('User Input'!$B$42="under30",'User Input'!$B$42=""),1,IF('User Input'!$B$42="30to45",IF((IFERROR(MATCH(Profiles!W14,{"None","Light","Medium","Heavy"},0)-1,0)+IFERROR(MATCH(Profiles!AB14,{"Low","Medium","High"},0)-1,0))>=5,0.85,1),IF('User Input'!$B$42="46to60",IF((IFERROR(MATCH(Profiles!W14,{"None","Light","Medium","Heavy"},0)-1,0)+IFERROR(MATCH(Profiles!AB14,{"Low","Medium","High"},0)-1,0))>=5,0.65,IF((IFERROR(MATCH(Profiles!W14,{"None","Light","Medium","Heavy"},0)-1,0)+IFERROR(MATCH(Profiles!AB14,{"Low","Medium","High"},0)-1,0))>=4,0.8,IF((IFERROR(MATCH(Profiles!W14,{"None","Light","Medium","Heavy"},0)-1,0)+IFERROR(MATCH(Profiles!AB14,{"Low","Medium","High"},0)-1,0))>=3,0.9,1))),IF((IFERROR(MATCH(Profiles!W14,{"None","Light","Medium","Heavy"},0)-1,0)+IFERROR(MATCH(Profiles!AB14,{"Low","Medium","High"},0)-1,0))>=5,0.4,IF((IFERROR(MATCH(Profiles!W14,{"None","Light","Medium","Heavy"},0)-1,0)+IFERROR(MATCH(Profiles!AB14,{"Low","Medium","High"},0)-1,0))>=4,0.6,IF((IFERROR(MATCH(Profiles!W14,{"None","Light","Medium","Heavy"},0)-1,0)+IFERROR(MATCH(Profiles!AB14,{"Low","Medium","High"},0)-1,0))>=3,0.75,IF((IFERROR(MATCH(Profiles!W14,{"None","Light","Medium","Heavy"},0)-1,0)+IFERROR(MATCH(Profiles!AB14,{"Low","Medium","High"},0)-1,0))>=2,0.85,1))))))) | Z13: =IF(OR('User Input'!$B$43="none",'User Input'!$B$43=""),1,IF('User Input'!$B$43="minor",IF(IFERROR(MATCH(Profiles!W14,{"None","Light","Medium","Heavy"},0)-1,0)>=3,0.7,IF(IFERROR(MATCH(Profiles!W14,{"None","Light","Medium","Heavy"},0)-1,0)>=2,0.85,1)),IF('User Input'!$B$43="joint",IF(OR(IFERROR(MATCH(Profiles!W14,{"None","Light","Medium","Heavy"},0)-1,0)>=3,IFERROR(MATCH(Profiles!AB14,{"Low","Medium","High"},0)-1,0)>=2),0.5,IF(OR(IFERROR(MATCH(Profiles!W14,{"None","Light","Medium","Heavy"},0)-1,0)>=2,IFERROR(MATCH(Profiles!AB14,{"Low","Medium","High"},0)-1,0)>=1),0.75,1)),IF(OR(IFERROR(MATCH(Profiles!W14,{"None","Light","Medium","Heavy"},0)-1,0)>=2,IFERROR(MATCH(Profiles!AB14,{"Low","Medium","High"},0)-1,0)>=2),0.3,IF(OR(IFERROR(MATCH(Profiles!W14,{"None","Light","Medium","Heavy"},0)-1,0)>=1,IFERROR(MATCH(Profiles!AB14,{"Low","Medium","High"},0)-1,0)>=1),0.6,0.9)))))
... A102: =Profiles!A103 | B102: =Profiles!B103 | C102: =Profiles!C103 | D102: =Profiles!D103 | E102: =IF(ISNUMBER(Profiles!E103),IF(ISNUMBER(Profiles!F103),MAX(0,1-(MAX(0,ABS('User Input'!$B$9-Profiles!E103)-Profiles!F103))/Profiles!F103/3),MAX(0,1-ABS('User Input'!$B$9-Profiles!E103)/(Profiles!E103*0.1)/3)),0.5) | F102: =IF(ISNUMBER(Profiles!G103),IF(ISNUMBER(Profiles!H103),MAX(0,1-(MAX(0,ABS('User Input'!$B$10-Profiles!G103)-Profiles!H103))/Profiles!H103/3),MAX(0,1-ABS('User Input'!$B$10-Profiles!G103)/(Profiles!G103*0.15)/3)),0.5) | G102: =IF(ISNUMBER(Profiles!J103),MAX(0,1-ABS('User Input'!$B$12-Profiles!J103)/5/3),0.5) | H102: =IF(ISNUMBER(Profiles!K103),MAX(0,1-ABS('User Input'!$B$14-Profiles!K103)/0.03/3),"n/a") | I102: =100*MAX(0,1-(MAX(0,Profiles!M103-'User Input'!$B$17)+0.5*MAX(0,'User Input'!$B$17-Profiles!M103)+MAX(0,Profiles!N103-'User Input'!$B$18)+0.5*MAX(0,'User Input'!$B$18-Profiles!N103)+MAX(0,Profiles!O103-'User Input'!$B$19)+0.5*MAX(0,'User Input'!$B$19-Profiles!O103)+MAX(0,Profiles!P103-'User Input'!$B$20)+0.5*MAX(0,'User Input'!$B$20-Profiles!P103)+MAX(0,Profiles!Q103-'User Input'!$B$21)+0.5*MAX(0,'User Input'!$B$21-Profiles!Q103)+MAX(0,Profiles!S103-'User Input'!$B$22)+0.5*MAX(0,'User Input'!$B$22-Profiles!S103)+MAX(0,Profiles!T103-'User Input'!$B$23)+0.5*MAX(0,'User Input'!$B$23-Profiles!T103)+MAX(0,Profiles!U103-'User Input'!$B$24)+0.5*MAX(0,'User Input'!$B$24-Profiles!U103))/40) | J102: =ROUND(60*(E102+F102+G102+IFERROR(VALUE(H102),(E102+F102+G102)/3))/4 + 0.4*I102,1) | K102: =IF(OR(AND('User Input'!$B$6="M",Profiles!$AG103="M"),AND('User Input'!$B$6="F",Profiles!$AG103="F")),1,0) | L102: =IF('User Input'!$B$27="Either",(IF(Profiles!V103>=4,1,0.3)+IF(OR(Profiles!V103<=2,ISNUMBER(SEARCH("Individual",Profiles!D103))),1,0.3))/2,IF('User Input'!$B$27="Team",IF(Profiles!V103>=4,1,0.3),IF(OR(Profiles!V103<=2,ISNUMBER(SEARCH("Individual",Profiles!D103))),1,0.3))) | M102: =IF(IFERROR(MATCH(Profiles!W103,{"None","Light","Medium","Heavy"},0)-1,0)<=IFERROR(MATCH('User Input'!$B$28,{"None","Light","Medium","Heavy"},0)-1,3),1,MAX(0,1-0.4*(IFERROR(MATCH(Profiles!W103,{"None","Light","Medium","Heavy"},0)-1,0)-IFERROR(MATCH('User Input'!$B$28,{"None","Light","Medium","Heavy"},0)-1,3)))) | N102: =IF('User Input'!$B$29="neutral",1,IF('User Input'!$B$29="essential",IF(ISNUMBER(SEARCH("Outdoor",Profiles!X103)),1,0.3),IF('User Input'!$B$29="nice",IF(ISNUMBER(SEARCH("Outdoor",Profiles!X103)),1,0.65),IF('User Input'!$B$29="indoor",IF(ISNUMBER(SEARCH("Indoor",Profiles!X103)),1,0.4),1)))) | O102: =IF('User Input'!$B$30="Yes",1,IF(Profiles!Y103="Yes",0,1)) | P102: =IF(IFERROR(MATCH(Profiles!Z103,{"Low","Medium","High"},0),2)<=IFERROR(MATCH('User Input'!$B$31,{"Low","Medium","High"},0),2),1,MAX(0,1-0.4*(IFERROR(MATCH(Profiles!Z103,{"Low","Medium","High"},0),2)-IFERROR(MATCH('User Input'!$B$31,{"Low","Medium","High"},0),2)))) | Q102: =IF('User Input'!$B$32="Yes",IF(ISNUMBER(Profiles!AC103),Profiles!AC103/10,0.5),1) | R102: =IF(OR(K102=0,O102=0),0,ROUND(MIN(100,100*(K102*0.1+L102*0.2+M102*0.2+N102*0.1+P102*0.15+Q102*0.25)*W102*X102*Y102*Z102),1)) | S102: =IF(R102=0,0,ROUND(0.5*J102+0.5*R102,1)) | T102: =J102-ROW()/1000000 | U102: =R102-ROW()/1000000 | V102: =S102-ROW()/1000000 | W102: =IF(OR(AND(OR(Profiles!D103="Team field",Profiles!D103="Team field contact",Profiles!D103="Team field stick"),'User Input'!$B$34="Yes"),AND(OR(Profiles!D103="Team court",Profiles!D103="Team court contact"),'User Input'!$B$35="Yes"),AND(Profiles!D103="Individual racquet",'User Input'!$B$36="Yes"),AND(OR(Profiles!D103="Combat striking",Profiles!D103="Combat grappling",Profiles!D103="Combat mixed"),'User Input'!$B$37="Yes"),AND(OR(Profiles!D103="Team water contact",Profiles!D103="Individual water"),'User Input'!$B$38="Yes"),AND(OR(Profiles!D103="Endurance individual",Profiles!D103="Endurance individual / pair",Profiles!D103="Endurance individual / pursuit",Profiles!D103="Endurance team / pair",Profiles!D103="Endurance multi"),'User Input'!$B$39="Yes"),AND(OR(Profiles!D103="Strength individual",Profiles!D103="Power-throw individual"),'User Input'!$B$40="Yes"),AND(OR(Profiles!D103="Individual technical",Profiles!D103="Individual aesthetic",Profiles!D103="Team precision"),'User Input'!$B$41="Yes")),1.15,1) | X102: =IF('User Input'!$B$33<>"none",1,IF(IFERROR(VALUE(TRIM(MID(SUBSTITUTE(SUBSTITUTE(Profiles!AA103,"–","-"),"-",REPT(" ",100)),100,100)))<=14,FALSE),0.7,1)) | Y102: =IF(OR('User Input'!$B$42="under30",'User Input'!$B$42=""),1,IF('User Input'!$B$42="30to45",IF((IFERROR(MATCH(Profiles!W103,{"None","Light","Medium","Heavy"},0)-1,0)+IFERROR(MATCH(Profiles!AB103,{"Low","Medium","High"},0)-1,0))>=5,0.85,1),IF('User Input'!$B$42="46to60",IF((IFERROR(MATCH(Profiles!W103,{"None","Light","Medium","Heavy"},0)-1,0)+IFERROR(MATCH(Profiles!AB103,{"Low","Medium","High"},0)-1,0))>=5,0.65,IF((IFERROR(MATCH(Profiles!W103,{"None","Light","Medium","Heavy"},0)-1,0)+IFERROR(MATCH(Profiles!AB103,{"Low","Medium","High"},0)-1,0))>=4,0.8,IF((IFERROR(MATCH(Profiles!W103,{"None","Light","Medium","Heavy"},0)-1,0)+IFERROR(MATCH(Profiles!AB103,{"Low","Medium","High"},0)-1,0))>=3,0.9,1))),IF((IFERROR(MATCH(Profiles!W103,{"None","Light","Medium","Heavy"},0)-1,0)+IFERROR(MATCH(Profiles!AB103,{"Low","Medium","High"},0)-1,0))>=5,0.4,IF((IFERROR(MATCH(Profiles!W103,{"None","Light","Medium","Heavy"},0)-1,0)+IFERROR(MATCH(Profiles!AB103,{"Low","Medium","High"},0)-1,0))>=4,0.6,IF((IFERROR(MATCH(Profiles!W103,{"None","Light","Medium","Heavy"},0)-1,0)+IFERROR(MATCH(Profiles!AB103,{"Low","Medium","High"},0)-1,0))>=3,0.75,IF((IFERROR(MATCH(Profiles!W103,{"None","Light","Medium","Heavy"},0)-1,0)+IFERROR(MATCH(Profiles!AB103,{"Low","Medium","High"},0)-1,0))>=2,0.85,1))))))) | Z102: =IF(OR('User Input'!$B$43="none",'User Input'!$B$43=""),1,IF('User Input'!$B$43="minor",IF(IFERROR(MATCH(Profiles!W103,{"None","Light","Medium","Heavy"},0)-1,0)>=3,0.7,IF(IFERROR(MATCH(Profiles!W103,{"None","Light","Medium","Heavy"},0)-1,0)>=2,0.85,1)),IF('User Input'!$B$43="joint",IF(OR(IFERROR(MATCH(Profiles!W103,{"None","Light","Medium","Heavy"},0)-1,0)>=3,IFERROR(MATCH(Profiles!AB103,{"Low","Medium","High"},0)-1,0)>=2),0.5,IF(OR(IFERROR(MATCH(Profiles!W103,{"None","Light","Medium","Heavy"},0)-1,0)>=2,IFERROR(MATCH(Profiles!AB103,{"Low","Medium","High"},0)-1,0)>=1),0.75,1)),IF(OR(IFERROR(MATCH(Profiles!W103,{"None","Light","Medium","Heavy"},0)-1,0)>=2,IFERROR(MATCH(Profiles!AB103,{"Low","Medium","High"},0)-1,0)>=2),0.3,IF(OR(IFERROR(MATCH(Profiles!W103,{"None","Light","Medium","Heavy"},0)-1,0)>=1,IFERROR(MATCH(Profiles!AB103,{"Low","Medium","High"},0)-1,0)>=1),0.6,0.9)))))
A103: SP57 | B103: Padel | C103: Doubles | D103: Individual racquet | E103: =IF(ISNUMBER(Profiles!E104),IF(ISNUMBER(Profiles!F104),MAX(0,1-(MAX(0,ABS('User Input'!$B$9-Profiles!E104)-Profiles!F104))/Profiles!F104/3),MAX(0,1-ABS('User Input'!$B$9-Profiles!E104)/(Profiles!E104*0.1)/3)),0.5) | F103: =IF(ISNUMBER(Profiles!G104),IF(ISNUMBER(Profiles!H104),MAX(0,1-(MAX(0,ABS('User Input'!$B$10-Profiles!G104)-Profiles!H104))/Profiles!H104/3),MAX(0,1-ABS('User Input'!$B$10-Profiles!G104)/(Profiles!G104*0.15)/3)),0.5) | G103: =IF(ISNUMBER(Profiles!J104),MAX(0,1-ABS('User Input'!$B$12-Profiles!J104)/5/3),0.5) | H103: =IF(ISNUMBER(Profiles!K104),MAX(0,1-ABS('User Input'!$B$14-Profiles!K104)/0.03/3),"n/a") | I103: =100*MAX(0,1-(MAX(0,Profiles!M104-'User Input'!$B$17)+0.5*MAX(0,'User Input'!$B$17-Profiles!M104)+MAX(0,Profiles!N104-'User Input'!$B$18)+0.5*MAX(0,'User Input'!$B$18-Profiles!N104)+MAX(0,Profiles!O104-'User Input'!$B$19)+0.5*MAX(0,'User Input'!$B$19-Profiles!O104)+MAX(0,Profiles!P104-'User Input'!$B$20)+0.5*MAX(0,'User Input'!$B$20-Profiles!P104)+MAX(0,Profiles!Q104-'User Input'!$B$21)+0.5*MAX(0,'User Input'!$B$21-Profiles!Q104)+MAX(0,Profiles!S104-'User Input'!$B$22)+0.5*MAX(0,'User Input'!$B$22-Profiles!S104)+MAX(0,Profiles!T104-'User Input'!$B$23)+0.5*MAX(0,'User Input'!$B$23-Profiles!T104)+MAX(0,Profiles!U104-'User Input'!$B$24)+0.5*MAX(0,'User Input'!$B$24-Profiles!U104))/40) | J103: =ROUND(60*(E103+F103+G103+IFERROR(VALUE(H103),(E103+F103+G103)/3))/4 + 0.4*I103,1) | K103: =IF(OR(AND('User Input'!$B$6="M",Profiles!$AG104="M"),AND('User Input'!$B$6="F",Profiles!$AG104="F")),1,0) | L103: =IF('User Input'!$B$27="Either",(IF(Profiles!V104>=4,1,0.3)+IF(OR(Profiles!V104<=2,ISNUMBER(SEARCH("Individual",Profiles!D104))),1,0.3))/2,IF('User Input'!$B$27="Team",IF(Profiles!V104>=4,1,0.3),IF(OR(Profiles!V104<=2,ISNUMBER(SEARCH("Individual",Profiles!D104))),1,0.3))) | M103: =IF(IFERROR(MATCH(Profiles!W104,{"None","Light","Medium","Heavy"},0)-1,0)<=IFERROR(MATCH('User Input'!$B$28,{"None","Light","Medium","Heavy"},0)-1,3),1,MAX(0,1-0.4*(IFERROR(MATCH(Profiles!W104,{"None","Light","Medium","Heavy"},0)-1,0)-IFERROR(MATCH('User Input'!$B$28,{"None","Light","Medium","Heavy"},0)-1,3)))) | N103: =IF('User Input'!$B$29="neutral",1,IF('User Input'!$B$29="essential",IF(ISNUMBER(SEARCH("Outdoor",Profiles!X104)),1,0.3),IF('User Input'!$B$29="nice",IF(ISNUMBER(SEARCH("Outdoor",Profiles!X104)),1,0.65),IF('User Input'!$B$29="indoor",IF(ISNUMBER(SEARCH("Indoor",Profiles!X104)),1,0.4),1)))) | O103: =IF('User Input'!$B$30="Yes",1,IF(Profiles!Y104="Yes",0,1)) | P103: =IF(IFERROR(MATCH(Profiles!Z104,{"Low","Medium","High"},0),2)<=IFERROR(MATCH('User Input'!$B$31,{"Low","Medium","High"},0),2),1,MAX(0,1-0.4*(IFERROR(MATCH(Profiles!Z104,{"Low","Medium","High"},0),2)-IFERROR(MATCH('User Input'!$B$31,{"Low","Medium","High"},0),2)))) | Q103: =IF('User Input'!$B$32="Yes",IF(ISNUMBER(Profiles!AC104),Profiles!AC104/10,0.5),1) | R103: =IF(OR(K103=0,O103=0),0,ROUND(MIN(100,100*(K103*0.1+L103*0.2+M103*0.2+N103*0.1+P103*0.15+Q103*0.25)*W103*X103*Y103*Z103),1)) | S103: =IF(R103=0,0,ROUND(0.5*J103+0.5*R103,1)) | T103: =J103-ROW()/1000000 | U103: =R103-ROW()/1000000 | V103: =S103-ROW()/1000000 | W103: =IF(OR(AND(OR(Profiles!D104="Team field",Profiles!D104="Team field contact",Profiles!D104="Team field stick"),'User Input'!$B$34="Yes"),AND(OR(Profiles!D104="Team court",Profiles!D104="Team court contact"),'User Input'!$B$35="Yes"),AND(Profiles!D104="Individual racquet",'User Input'!$B$36="Yes"),AND(OR(Profiles!D104="Combat striking",Profiles!D104="Combat grappling",Profiles!D104="Combat mixed"),'User Input'!$B$37="Yes"),AND(OR(Profiles!D104="Team water contact",Profiles!D104="Individual water"),'User Input'!$B$38="Yes"),AND(OR(Profiles!D104="Endurance individual",Profiles!D104="Endurance individual / pair",Profiles!D104="Endurance individual / pursuit",Profiles!D104="Endurance team / pair",Profiles!D104="Endurance multi"),'User Input'!$B$39="Yes"),AND(OR(Profiles!D104="Strength individual",Profiles!D104="Power-throw individual"),'User Input'!$B$40="Yes"),AND(OR(Profiles!D104="Individual technical",Profiles!D104="Individual aesthetic",Profiles!D104="Team precision"),'User Input'!$B$41="Yes")),1.15,1) | X103: =IF('User Input'!$B$33<>"none",1,IF(IFERROR(VALUE(TRIM(MID(SUBSTITUTE(SUBSTITUTE(Profiles!AA104,"–","-"),"-",REPT(" ",100)),100,100)))<=14,FALSE),0.7,1)) | Y103: =IF(OR('User Input'!$B$42="under30",'User Input'!$B$42=""),1,IF('User Input'!$B$42="30to45",IF((IFERROR(MATCH(Profiles!W104,{"None","Light","Medium","Heavy"},0)-1,0)+IFERROR(MATCH(Profiles!AB104,{"Low","Medium","High"},0)-1,0))>=5,0.85,1),IF('User Input'!$B$42="46to60",IF((IFERROR(MATCH(Profiles!W104,{"None","Light","Medium","Heavy"},0)-1,0)+IFERROR(MATCH(Profiles!AB104,{"Low","Medium","High"},0)-1,0))>=5,0.65,IF((IFERROR(MATCH(Profiles!W104,{"None","Light","Medium","Heavy"},0)-1,0)+IFERROR(MATCH(Profiles!AB104,{"Low","Medium","High"},0)-1,0))>=4,0.8,IF((IFERROR(MATCH(Profiles!W104,{"None","Light","Medium","Heavy"},0)-1,0)+IFERROR(MATCH(Profiles!AB104,{"Low","Medium","High"},0)-1,0))>=3,0.9,1))),IF((IFERROR(MATCH(Profiles!W104,{"None","Light","Medium","Heavy"},0)-1,0)+IFERROR(MATCH(Profiles!AB104,{"Low","Medium","High"},0)-1,0))>=5,0.4,IF((IFERROR(MATCH(Profiles!W104,{"None","Light","Medium","Heavy"},0)-1,0)+IFERROR(MATCH(Profiles!AB104,{"Low","Medium","High"},0)-1,0))>=4,0.6,IF((IFERROR(MATCH(Profiles!W104,{"None","Light","Medium","Heavy"},0)-1,0)+IFERROR(MATCH(Profiles!AB104,{"Low","Medium","High"},0)-1,0))>=3,0.75,IF((IFERROR(MATCH(Profiles!W104,{"None","Light","Medium","Heavy"},0)-1,0)+IFERROR(MATCH(Profiles!AB104,{"Low","Medium","High"},0)-1,0))>=2,0.85,1))))))) | Z103: =IF(OR('User Input'!$B$43="none",'User Input'!$B$43=""),1,IF('User Input'!$B$43="minor",IF(IFERROR(MATCH(Profiles!W104,{"None","Light","Medium","Heavy"},0)-1,0)>=3,0.7,IF(IFERROR(MATCH(Profiles!W104,{"None","Light","Medium","Heavy"},0)-1,0)>=2,0.85,1)),IF('User Input'!$B$43="joint",IF(OR(IFERROR(MATCH(Profiles!W104,{"None","Light","Medium","Heavy"},0)-1,0)>=3,IFERROR(MATCH(Profiles!AB104,{"Low","Medium","High"},0)-1,0)>=2),0.5,IF(OR(IFERROR(MATCH(Profiles!W104,{"None","Light","Medium","Heavy"},0)-1,0)>=2,IFERROR(MATCH(Profiles!AB104,{"Low","Medium","High"},0)-1,0)>=1),0.75,1)),IF(OR(IFERROR(MATCH(Profiles!W104,{"None","Light","Medium","Heavy"},0)-1,0)>=2,IFERROR(MATCH(Profiles!AB104,{"Low","Medium","High"},0)-1,0)>=2),0.3,IF(OR(IFERROR(MATCH(Profiles!W104,{"None","Light","Medium","Heavy"},0)-1,0)>=1,IFERROR(MATCH(Profiles!AB104,{"Low","Medium","High"},0)-1,0)>=1),0.6,0.9)))))
A104: SP58 | B104: Volleyball | C104: Indoor (6-a-side) | D104: Team court | E104: =IF(ISNUMBER(Profiles!E105),IF(ISNUMBER(Profiles!F105),MAX(0,1-(MAX(0,ABS('User Input'!$B$9-Profiles!E105)-Profiles!F105))/Profiles!F105/3),MAX(0,1-ABS('User Input'!$B$9-Profiles!E105)/(Profiles!E105*0.1)/3)),0.5) | F104: =IF(ISNUMBER(Profiles!G105),IF(ISNUMBER(Profiles!H105),MAX(0,1-(MAX(0,ABS('User Input'!$B$10-Profiles!G105)-Profiles!H105))/Profiles!H105/3),MAX(0,1-ABS('User Input'!$B$10-Profiles!G105)/(Profiles!G105*0.15)/3)),0.5) | G104: =IF(ISNUMBER(Profiles!J105),MAX(0,1-ABS('User Input'!$B$12-Profiles!J105)/5/3),0.5) | H104: =IF(ISNUMBER(Profiles!K105),MAX(0,1-ABS('User Input'!$B$14-Profiles!K105)/0.03/3),"n/a") | I104: =100*MAX(0,1-(MAX(0,Profiles!M105-'User Input'!$B$17)+0.5*MAX(0,'User Input'!$B$17-Profiles!M105)+MAX(0,Profiles!N105-'User Input'!$B$18)+0.5*MAX(0,'User Input'!$B$18-Profiles!N105)+MAX(0,Profiles!O105-'User Input'!$B$19)+0.5*MAX(0,'User Input'!$B$19-Profiles!O105)+MAX(0,Profiles!P105-'User Input'!$B$20)+0.5*MAX(0,'User Input'!$B$20-Profiles!P105)+MAX(0,Profiles!Q105-'User Input'!$B$21)+0.5*MAX(0,'User Input'!$B$21-Profiles!Q105)+MAX(0,Profiles!S105-'User Input'!$B$22)+0.5*MAX(0,'User Input'!$B$22-Profiles!S105)+MAX(0,Profiles!T105-'User Input'!$B$23)+0.5*MAX(0,'User Input'!$B$23-Profiles!T105)+MAX(0,Profiles!U105-'User Input'!$B$24)+0.5*MAX(0,'User Input'!$B$24-Profiles!U105))/40) | J104: =ROUND(60*(E104+F104+G104+IFERROR(VALUE(H104),(E104+F104+G104)/3))/4 + 0.4*I104,1) | K104: =IF(OR(AND('User Input'!$B$6="M",Profiles!$AG105="M"),AND('User Input'!$B$6="F",Profiles!$AG105="F")),1,0) | L104: =IF('User Input'!$B$27="Either",(IF(Profiles!V105>=4,1,0.3)+IF(OR(Profiles!V105<=2,ISNUMBER(SEARCH("Individual",Profiles!D105))),1,0.3))/2,IF('User Input'!$B$27="Team",IF(Profiles!V105>=4,1,0.3),IF(OR(Profiles!V105<=2,ISNUMBER(SEARCH("Individual",Profiles!D105))),1,0.3))) | M104: =IF(IFERROR(MATCH(Profiles!W105,{"None","Light","Medium","Heavy"},0)-1,0)<=IFERROR(MATCH('User Input'!$B$28,{"None","Light","Medium","Heavy"},0)-1,3),1,MAX(0,1-0.4*(IFERROR(MATCH(Profiles!W105,{"None","Light","Medium","Heavy"},0)-1,0)-IFERROR(MATCH('User Input'!$B$28,{"None","Light","Medium","Heavy"},0)-1,3)))) | N104: =IF('User Input'!$B$29="neutral",1,IF('User Input'!$B$29="essential",IF(ISNUMBER(SEARCH("Outdoor",Profiles!X105)),1,0.3),IF('User Input'!$B$29="nice",IF(ISNUMBER(SEARCH("Outdoor",Profiles!X105)),1,0.65),IF('User Input'!$B$29="indoor",IF(ISNUMBER(SEARCH("Indoor",Profiles!X105)),1,0.4),1)))) | O104: =IF('User Input'!$B$30="Yes",1,IF(Profiles!Y105="Yes",0,1)) | P104: =IF(IFERROR(MATCH(Profiles!Z105,{"Low","Medium","High"},0),2)<=IFERROR(MATCH('User Input'!$B$31,{"Low","Medium","High"},0),2),1,MAX(0,1-0.4*(IFERROR(MATCH(Profiles!Z105,{"Low","Medium","High"},0),2)-IFERROR(MATCH('User Input'!$B$31,{"Low","Medium","High"},0),2)))) | Q104: =IF('User Input'!$B$32="Yes",IF(ISNUMBER(Profiles!AC105),Profiles!AC105/10,0.5),1) | R104: =IF(OR(K104=0,O104=0),0,ROUND(MIN(100,100*(K104*0.1+L104*0.2+M104*0.2+N104*0.1+P104*0.15+Q104*0.25)*W104*X104*Y104*Z104),1)) | S104: =IF(R104=0,0,ROUND(0.5*J104+0.5*R104,1)) | T104: =J104-ROW()/1000000 | U104: =R104-ROW()/1000000 | V104: =S104-ROW()/1000000 | W104: =IF(OR(AND(OR(Profiles!D105="Team field",Profiles!D105="Team field contact",Profiles!D105="Team field stick"),'User Input'!$B$34="Yes"),AND(OR(Profiles!D105="Team court",Profiles!D105="Team court contact"),'User Input'!$B$35="Yes"),AND(Profiles!D105="Individual racquet",'User Input'!$B$36="Yes"),AND(OR(Profiles!D105="Combat striking",Profiles!D105="Combat grappling",Profiles!D105="Combat mixed"),'User Input'!$B$37="Yes"),AND(OR(Profiles!D105="Team water contact",Profiles!D105="Individual water"),'User Input'!$B$38="Yes"),AND(OR(Profiles!D105="Endurance individual",Profiles!D105="Endurance individual / pair",Profiles!D105="Endurance individual / pursuit",Profiles!D105="Endurance team / pair",Profiles!D105="Endurance multi"),'User Input'!$B$39="Yes"),AND(OR(Profiles!D105="Strength individual",Profiles!D105="Power-throw individual"),'User Input'!$B$40="Yes"),AND(OR(Profiles!D105="Individual technical",Profiles!D105="Individual aesthetic",Profiles!D105="Team precision"),'User Input'!$B$41="Yes")),1.15,1) | X104: =IF('User Input'!$B$33<>"none",1,IF(IFERROR(VALUE(TRIM(MID(SUBSTITUTE(SUBSTITUTE(Profiles!AA105,"–","-"),"-",REPT(" ",100)),100,100)))<=14,FALSE),0.7,1)) | Y104: =IF(OR('User Input'!$B$42="under30",'User Input'!$B$42=""),1,IF('User Input'!$B$42="30to45",IF((IFERROR(MATCH(Profiles!W105,{"None","Light","Medium","Heavy"},0)-1,0)+IFERROR(MATCH(Profiles!AB105,{"Low","Medium","High"},0)-1,0))>=5,0.85,1),IF('User Input'!$B$42="46to60",IF((IFERROR(MATCH(Profiles!W105,{"None","Light","Medium","Heavy"},0)-1,0)+IFERROR(MATCH(Profiles!AB105,{"Low","Medium","High"},0)-1,0))>=5,0.65,IF((IFERROR(MATCH(Profiles!W105,{"None","Light","Medium","Heavy"},0)-1,0)+IFERROR(MATCH(Profiles!AB105,{"Low","Medium","High"},0)-1,0))>=4,0.8,IF((IFERROR(MATCH(Profiles!W105,{"None","Light","Medium","Heavy"},0)-1,0)+IFERROR(MATCH(Profiles!AB105,{"Low","Medium","High"},0)-1,0))>=3,0.9,1))),IF((IFERROR(MATCH(Profiles!W105,{"None","Light","Medium","Heavy"},0)-1,0)+IFERROR(MATCH(Profiles!AB105,{"Low","Medium","High"},0)-1,0))>=5,0.4,IF((IFERROR(MATCH(Profiles!W105,{"None","Light","Medium","Heavy"},0)-1,0)+IFERROR(MATCH(Profiles!AB105,{"Low","Medium","High"},0)-1,0))>=4,0.6,IF((IFERROR(MATCH(Profiles!W105,{"None","Light","Medium","Heavy"},0)-1,0)+IFERROR(MATCH(Profiles!AB105,{"Low","Medium","High"},0)-1,0))>=3,0.75,IF((IFERROR(MATCH(Profiles!W105,{"None","Light","Medium","Heavy"},0)-1,0)+IFERROR(MATCH(Profiles!AB105,{"Low","Medium","High"},0)-1,0))>=2,0.85,1))))))) | Z104: =IF(OR('User Input'!$B$43="none",'User Input'!$B$43=""),1,IF('User Input'!$B$43="minor",IF(IFERROR(MATCH(Profiles!W105,{"None","Light","Medium","Heavy"},0)-1,0)>=3,0.7,IF(IFERROR(MATCH(Profiles!W105,{"None","Light","Medium","Heavy"},0)-1,0)>=2,0.85,1)),IF('User Input'!$B$43="joint",IF(OR(IFERROR(MATCH(Profiles!W105,{"None","Light","Medium","Heavy"},0)-1,0)>=3,IFERROR(MATCH(Profiles!AB105,{"Low","Medium","High"},0)-1,0)>=2),0.5,IF(OR(IFERROR(MATCH(Profiles!W105,{"None","Light","Medium","Heavy"},0)-1,0)>=2,IFERROR(MATCH(Profiles!AB105,{"Low","Medium","High"},0)-1,0)>=1),0.75,1)),IF(OR(IFERROR(MATCH(Profiles!W105,{"None","Light","Medium","Heavy"},0)-1,0)>=2,IFERROR(MATCH(Profiles!AB105,{"Low","Medium","High"},0)-1,0)>=2),0.3,IF(OR(IFERROR(MATCH(Profiles!W105,{"None","Light","Medium","Heavy"},0)-1,0)>=1,IFERROR(MATCH(Profiles!AB105,{"Low","Medium","High"},0)-1,0)>=1),0.6,0.9)))))
A105: SP58B | B105: Volleyball (Beach) | C105: Beach (2-a-side) | D105: Team court | E105: =IF(ISNUMBER(Profiles!E106),IF(ISNUMBER(Profiles!F106),MAX(0,1-(MAX(0,ABS('User Input'!$B$9-Profiles!E106)-Profiles!F106))/Profiles!F106/3),MAX(0,1-ABS('User Input'!$B$9-Profiles!E106)/(Profiles!E106*0.1)/3)),0.5) | F105: =IF(ISNUMBER(Profiles!G106),IF(ISNUMBER(Profiles!H106),MAX(0,1-(MAX(0,ABS('User Input'!$B$10-Profiles!G106)-Profiles!H106))/Profiles!H106/3),MAX(0,1-ABS('User Input'!$B$10-Profiles!G106)/(Profiles!G106*0.15)/3)),0.5) | G105: =IF(ISNUMBER(Profiles!J106),MAX(0,1-ABS('User Input'!$B$12-Profiles!J106)/5/3),0.5) | H105: =IF(ISNUMBER(Profiles!K106),MAX(0,1-ABS('User Input'!$B$14-Profiles!K106)/0.03/3),"n/a") | I105: =100*MAX(0,1-(MAX(0,Profiles!M106-'User Input'!$B$17)+0.5*MAX(0,'User Input'!$B$17-Profiles!M106)+MAX(0,Profiles!N106-'User Input'!$B$18)+0.5*MAX(0,'User Input'!$B$18-Profiles!N106)+MAX(0,Profiles!O106-'User Input'!$B$19)+0.5*MAX(0,'User Input'!$B$19-Profiles!O106)+MAX(0,Profiles!P106-'User Input'!$B$20)+0.5*MAX(0,'User Input'!$B$20-Profiles!P106)+MAX(0,Profiles!Q106-'User Input'!$B$21)+0.5*MAX(0,'User Input'!$B$21-Profiles!Q106)+MAX(0,Profiles!S106-'User Input'!$B$22)+0.5*MAX(0,'User Input'!$B$22-Profiles!S106)+MAX(0,Profiles!T106-'User Input'!$B$23)+0.5*MAX(0,'User Input'!$B$23-Profiles!T106)+MAX(0,Profiles!U106-'User Input'!$B$24)+0.5*MAX(0,'User Input'!$B$24-Profiles!U106))/40) | J105: =ROUND(60*(E105+F105+G105+IFERROR(VALUE(H105),(E105+F105+G105)/3))/4 + 0.4*I105,1) | K105: =IF(OR(AND('User Input'!$B$6="M",Profiles!$AG106="M"),AND('User Input'!$B$6="F",Profiles!$AG106="F")),1,0) | L105: =IF('User Input'!$B$27="Either",(IF(Profiles!V106>=4,1,0.3)+IF(OR(Profiles!V106<=2,ISNUMBER(SEARCH("Individual",Profiles!D106))),1,0.3))/2,IF('User Input'!$B$27="Team",IF(Profiles!V106>=4,1,0.3),IF(OR(Profiles!V106<=2,ISNUMBER(SEARCH("Individual",Profiles!D106))),1,0.3))) | M105: =IF(IFERROR(MATCH(Profiles!W106,{"None","Light","Medium","Heavy"},0)-1,0)<=IFERROR(MATCH('User Input'!$B$28,{"None","Light","Medium","Heavy"},0)-1,3),1,MAX(0,1-0.4*(IFERROR(MATCH(Profiles!W106,{"None","Light","Medium","Heavy"},0)-1,0)-IFERROR(MATCH('User Input'!$B$28,{"None","Light","Medium","Heavy"},0)-1,3)))) | N105: =IF('User Input'!$B$29="neutral",1,IF('User Input'!$B$29="essential",IF(ISNUMBER(SEARCH("Outdoor",Profiles!X106)),1,0.3),IF('User Input'!$B$29="nice",IF(ISNUMBER(SEARCH("Outdoor",Profiles!X106)),1,0.65),IF('User Input'!$B$29="indoor",IF(ISNUMBER(SEARCH("Indoor",Profiles!X106)),1,0.4),1)))) | O105: =IF('User Input'!$B$30="Yes",1,IF(Profiles!Y106="Yes",0,1)) | P105: =IF(IFERROR(MATCH(Profiles!Z106,{"Low","Medium","High"},0),2)<=IFERROR(MATCH('User Input'!$B$31,{"Low","Medium","High"},0),2),1,MAX(0,1-0.4*(IFERROR(MATCH(Profiles!Z106,{"Low","Medium","High"},0),2)-IFERROR(MATCH('User Input'!$B$31,{"Low","Medium","High"},0),2)))) | Q105: =IF('User Input'!$B$32="Yes",IF(ISNUMBER(Profiles!AC106),Profiles!AC106/10,0.5),1) | R105: =IF(OR(K105=0,O105=0),0,ROUND(MIN(100,100*(K105*0.1+L105*0.2+M105*0.2+N105*0.1+P105*0.15+Q105*0.25)*W105*X105*Y105*Z105),1)) | S105: =IF(R105=0,0,ROUND(0.5*J105+0.5*R105,1)) | T105: =J105-ROW()/1000000 | U105: =R105-ROW()/1000000 | V105: =S105-ROW()/1000000 | W105: =IF(OR(AND(OR(Profiles!D106="Team field",Profiles!D106="Team field contact",Profiles!D106="Team field stick"),'User Input'!$B$34="Yes"),AND(OR(Profiles!D106="Team court",Profiles!D106="Team court contact"),'User Input'!$B$35="Yes"),AND(Profiles!D106="Individual racquet",'User Input'!$B$36="Yes"),AND(OR(Profiles!D106="Combat striking",Profiles!D106="Combat grappling",Profiles!D106="Combat mixed"),'User Input'!$B$37="Yes"),AND(OR(Profiles!D106="Team water contact",Profiles!D106="Individual water"),'User Input'!$B$38="Yes"),AND(OR(Profiles!D106="Endurance individual",Profiles!D106="Endurance individual / pair",Profiles!D106="Endurance individual / pursuit",Profiles!D106="Endurance team / pair",Profiles!D106="Endurance multi"),'User Input'!$B$39="Yes"),AND(OR(Profiles!D106="Strength individual",Profiles!D106="Power-throw individual"),'User Input'!$B$40="Yes"),AND(OR(Profiles!D106="Individual technical",Profiles!D106="Individual aesthetic",Profiles!D106="Team precision"),'User Input'!$B$41="Yes")),1.15,1) | X105: =IF('User Input'!$B$33<>"none",1,IF(IFERROR(VALUE(TRIM(MID(SUBSTITUTE(SUBSTITUTE(Profiles!AA106,"–","-"),"-",REPT(" ",100)),100,100)))<=14,FALSE),0.7,1)) | Y105: =IF(OR('User Input'!$B$42="under30",'User Input'!$B$42=""),1,IF('User Input'!$B$42="30to45",IF((IFERROR(MATCH(Profiles!W106,{"None","Light","Medium","Heavy"},0)-1,0)+IFERROR(MATCH(Profiles!AB106,{"Low","Medium","High"},0)-1,0))>=5,0.85,1),IF('User Input'!$B$42="46to60",IF((IFERROR(MATCH(Profiles!W106,{"None","Light","Medium","Heavy"},0)-1,0)+IFERROR(MATCH(Profiles!AB106,{"Low","Medium","High"},0)-1,0))>=5,0.65,IF((IFERROR(MATCH(Profiles!W106,{"None","Light","Medium","Heavy"},0)-1,0)+IFERROR(MATCH(Profiles!AB106,{"Low","Medium","High"},0)-1,0))>=4,0.8,IF((IFERROR(MATCH(Profiles!W106,{"None","Light","Medium","Heavy"},0)-1,0)+IFERROR(MATCH(Profiles!AB106,{"Low","Medium","High"},0)-1,0))>=3,0.9,1))),IF((IFERROR(MATCH(Profiles!W106,{"None","Light","Medium","Heavy"},0)-1,0)+IFERROR(MATCH(Profiles!AB106,{"Low","Medium","High"},0)-1,0))>=5,0.4,IF((IFERROR(MATCH(Profiles!W106,{"None","Light","Medium","Heavy"},0)-1,0)+IFERROR(MATCH(Profiles!AB106,{"Low","Medium","High"},0)-1,0))>=4,0.6,IF((IFERROR(MATCH(Profiles!W106,{"None","Light","Medium","Heavy"},0)-1,0)+IFERROR(MATCH(Profiles!AB106,{"Low","Medium","High"},0)-1,0))>=3,0.75,IF((IFERROR(MATCH(Profiles!W106,{"None","Light","Medium","Heavy"},0)-1,0)+IFERROR(MATCH(Profiles!AB106,{"Low","Medium","High"},0)-1,0))>=2,0.85,1))))))) | Z105: =IF(OR('User Input'!$B$43="none",'User Input'!$B$43=""),1,IF('User Input'!$B$43="minor",IF(IFERROR(MATCH(Profiles!W106,{"None","Light","Medium","Heavy"},0)-1,0)>=3,0.7,IF(IFERROR(MATCH(Profiles!W106,{"None","Light","Medium","Heavy"},0)-1,0)>=2,0.85,1)),IF('User Input'!$B$43="joint",IF(OR(IFERROR(MATCH(Profiles!W106,{"None","Light","Medium","Heavy"},0)-1,0)>=3,IFERROR(MATCH(Profiles!AB106,{"Low","Medium","High"},0)-1,0)>=2),0.5,IF(OR(IFERROR(MATCH(Profiles!W106,{"None","Light","Medium","Heavy"},0)-1,0)>=2,IFERROR(MATCH(Profiles!AB106,{"Low","Medium","High"},0)-1,0)>=1),0.75,1)),IF(OR(IFERROR(MATCH(Profiles!W106,{"None","Light","Medium","Heavy"},0)-1,0)>=2,IFERROR(MATCH(Profiles!AB106,{"Low","Medium","High"},0)-1,0)>=2),0.3,IF(OR(IFERROR(MATCH(Profiles!W106,{"None","Light","Medium","Heavy"},0)-1,0)>=1,IFERROR(MATCH(Profiles!AB106,{"Low","Medium","High"},0)-1,0)>=1),0.6,0.9)))))
A106: SP59 | B106: Calisthenics | C106: Freestyle / Competition | D106: Strength individual | E106: =IF(ISNUMBER(Profiles!E107),IF(ISNUMBER(Profiles!F107),MAX(0,1-(MAX(0,ABS('User Input'!$B$9-Profiles!E107)-Profiles!F107))/Profiles!F107/3),MAX(0,1-ABS('User Input'!$B$9-Profiles!E107)/(Profiles!E107*0.1)/3)),0.5) | F106: =IF(ISNUMBER(Profiles!G107),IF(ISNUMBER(Profiles!H107),MAX(0,1-(MAX(0,ABS('User Input'!$B$10-Profiles!G107)-Profiles!H107))/Profiles!H107/3),MAX(0,1-ABS('User Input'!$B$10-Profiles!G107)/(Profiles!G107*0.15)/3)),0.5) | G106: =IF(ISNUMBER(Profiles!J107),MAX(0,1-ABS('User Input'!$B$12-Profiles!J107)/5/3),0.5) | H106: =IF(ISNUMBER(Profiles!K107),MAX(0,1-ABS('User Input'!$B$14-Profiles!K107)/0.03/3),"n/a") | I106: =100*MAX(0,1-(MAX(0,Profiles!M107-'User Input'!$B$17)+0.5*MAX(0,'User Input'!$B$17-Profiles!M107)+MAX(0,Profiles!N107-'User Input'!$B$18)+0.5*MAX(0,'User Input'!$B$18-Profiles!N107)+MAX(0,Profiles!O107-'User Input'!$B$19)+0.5*MAX(0,'User Input'!$B$19-Profiles!O107)+MAX(0,Profiles!P107-'User Input'!$B$20)+0.5*MAX(0,'User Input'!$B$20-Profiles!P107)+MAX(0,Profiles!Q107-'User Input'!$B$21)+0.5*MAX(0,'User Input'!$B$21-Profiles!Q107)+MAX(0,Profiles!S107-'User Input'!$B$22)+0.5*MAX(0,'User Input'!$B$22-Profiles!S107)+MAX(0,Profiles!T107-'User Input'!$B$23)+0.5*MAX(0,'User Input'!$B$23-Profiles!T107)+MAX(0,Profiles!U107-'User Input'!$B$24)+0.5*MAX(0,'User Input'!$B$24-Profiles!U107))/40) | J106: =ROUND(60*(E106+F106+G106+IFERROR(VALUE(H106),(E106+F106+G106)/3))/4 + 0.4*I106,1) | K106: =IF(OR(AND('User Input'!$B$6="M",Profiles!$AG107="M"),AND('User Input'!$B$6="F",Profiles!$AG107="F")),1,0) | L106: =IF('User Input'!$B$27="Either",(IF(Profiles!V107>=4,1,0.3)+IF(OR(Profiles!V107<=2,ISNUMBER(SEARCH("Individual",Profiles!D107))),1,0.3))/2,IF('User Input'!$B$27="Team",IF(Profiles!V107>=4,1,0.3),IF(OR(Profiles!V107<=2,ISNUMBER(SEARCH("Individual",Profiles!D107))),1,0.3))) | M106: =IF(IFERROR(MATCH(Profiles!W107,{"None","Light","Medium","Heavy"},0)-1,0)<=IFERROR(MATCH('User Input'!$B$28,{"None","Light","Medium","Heavy"},0)-1,3),1,MAX(0,1-0.4*(IFERROR(MATCH(Profiles!W107,{"None","Light","Medium","Heavy"},0)-1,0)-IFERROR(MATCH('User Input'!$B$28,{"None","Light","Medium","Heavy"},0)-1,3)))) | N106: =IF('User Input'!$B$29="neutral",1,IF('User Input'!$B$29="essential",IF(ISNUMBER(SEARCH("Outdoor",Profiles!X107)),1,0.3),IF('User Input'!$B$29="nice",IF(ISNUMBER(SEARCH("Outdoor",Profiles!X107)),1,0.65),IF('User Input'!$B$29="indoor",IF(ISNUMBER(SEARCH("Indoor",Profiles!X107)),1,0.4),1)))) | O106: =IF('User Input'!$B$30="Yes",1,IF(Profiles!Y107="Yes",0,1)) | P106: =IF(IFERROR(MATCH(Profiles!Z107,{"Low","Medium","High"},0),2)<=IFERROR(MATCH('User Input'!$B$31,{"Low","Medium","High"},0),2),1,MAX(0,1-0.4*(IFERROR(MATCH(Profiles!Z107,{"Low","Medium","High"},0),2)-IFERROR(MATCH('User Input'!$B$31,{"Low","Medium","High"},0),2)))) | Q106: =IF('User Input'!$B$32="Yes",IF(ISNUMBER(Profiles!AC107),Profiles!AC107/10,0.5),1) | R106: =IF(OR(K106=0,O106=0),0,ROUND(MIN(100,100*(K106*0.1+L106*0.2+M106*0.2+N106*0.1+P106*0.15+Q106*0.25)*W106*X106*Y106*Z106),1)) | S106: =IF(R106=0,0,ROUND(0.5*J106+0.5*R106,1)) | T106: =J106-ROW()/1000000 | U106: =R106-ROW()/1000000 | V106: =S106-ROW()/1000000 | W106: =IF(OR(AND(OR(Profiles!D107="Team field",Profiles!D107="Team field contact",Profiles!D107="Team field stick"),'User Input'!$B$34="Yes"),AND(OR(Profiles!D107="Team court",Profiles!D107="Team court contact"),'User Input'!$B$35="Yes"),AND(Profiles!D107="Individual racquet",'User Input'!$B$36="Yes"),AND(OR(Profiles!D107="Combat striking",Profiles!D107="Combat grappling",Profiles!D107="Combat mixed"),'User Input'!$B$37="Yes"),AND(OR(Profiles!D107="Team water contact",Profiles!D107="Individual water"),'User Input'!$B$38="Yes"),AND(OR(Profiles!D107="Endurance individual",Profiles!D107="Endurance individual / pair",Profiles!D107="Endurance individual / pursuit",Profiles!D107="Endurance team / pair",Profiles!D107="Endurance multi"),'User Input'!$B$39="Yes"),AND(OR(Profiles!D107="Strength individual",Profiles!D107="Power-throw individual"),'User Input'!$B$40="Yes"),AND(OR(Profiles!D107="Individual technical",Profiles!D107="Individual aesthetic",Profiles!D107="Team precision"),'User Input'!$B$41="Yes")),1.15,1) | X106: =IF('User Input'!$B$33<>"none",1,IF(IFERROR(VALUE(TRIM(MID(SUBSTITUTE(SUBSTITUTE(Profiles!AA107,"–","-"),"-",REPT(" ",100)),100,100)))<=14,FALSE),0.7,1)) | Y106: =IF(OR('User Input'!$B$42="under30",'User Input'!$B$42=""),1,IF('User Input'!$B$42="30to45",IF((IFERROR(MATCH(Profiles!W107,{"None","Light","Medium","Heavy"},0)-1,0)+IFERROR(MATCH(Profiles!AB107,{"Low","Medium","High"},0)-1,0))>=5,0.85,1),IF('User Input'!$B$42="46to60",IF((IFERROR(MATCH(Profiles!W107,{"None","Light","Medium","Heavy"},0)-1,0)+IFERROR(MATCH(Profiles!AB107,{"Low","Medium","High"},0)-1,0))>=5,0.65,IF((IFERROR(MATCH(Profiles!W107,{"None","Light","Medium","Heavy"},0)-1,0)+IFERROR(MATCH(Profiles!AB107,{"Low","Medium","High"},0)-1,0))>=4,0.8,IF((IFERROR(MATCH(Profiles!W107,{"None","Light","Medium","Heavy"},0)-1,0)+IFERROR(MATCH(Profiles!AB107,{"Low","Medium","High"},0)-1,0))>=3,0.9,1))),IF((IFERROR(MATCH(Profiles!W107,{"None","Light","Medium","Heavy"},0)-1,0)+IFERROR(MATCH(Profiles!AB107,{"Low","Medium","High"},0)-1,0))>=5,0.4,IF((IFERROR(MATCH(Profiles!W107,{"None","Light","Medium","Heavy"},0)-1,0)+IFERROR(MATCH(Profiles!AB107,{"Low","Medium","High"},0)-1,0))>=4,0.6,IF((IFERROR(MATCH(Profiles!W107,{"None","Light","Medium","Heavy"},0)-1,0)+IFERROR(MATCH(Profiles!AB107,{"Low","Medium","High"},0)-1,0))>=3,0.75,IF((IFERROR(MATCH(Profiles!W107,{"None","Light","Medium","Heavy"},0)-1,0)+IFERROR(MATCH(Profiles!AB107,{"Low","Medium","High"},0)-1,0))>=2,0.85,1))))))) | Z106: =IF(OR('User Input'!$B$43="none",'User Input'!$B$43=""),1,IF('User Input'!$B$43="minor",IF(IFERROR(MATCH(Profiles!W107,{"None","Light","Medium","Heavy"},0)-1,0)>=3,0.7,IF(IFERROR(MATCH(Profiles!W107,{"None","Light","Medium","Heavy"},0)-1,0)>=2,0.85,1)),IF('User Input'!$B$43="joint",IF(OR(IFERROR(MATCH(Profiles!W107,{"None","Light","Medium","Heavy"},0)-1,0)>=3,IFERROR(MATCH(Profiles!AB107,{"Low","Medium","High"},0)-1,0)>=2),0.5,IF(OR(IFERROR(MATCH(Profiles!W107,{"None","Light","Medium","Heavy"},0)-1,0)>=2,IFERROR(MATCH(Profiles!AB107,{"Low","Medium","High"},0)-1,0)>=1),0.75,1)),IF(OR(IFERROR(MATCH(Profiles!W107,{"None","Light","Medium","Heavy"},0)-1,0)>=2,IFERROR(MATCH(Profiles!AB107,{"Low","Medium","High"},0)-1,0)>=2),0.3,IF(OR(IFERROR(MATCH(Profiles!W107,{"None","Light","Medium","Heavy"},0)-1,0)>=1,IFERROR(MATCH(Profiles!AB107,{"Low","Medium","High"},0)-1,0)>=1),0.6,0.9)))))
A107: SP60 | B107: Mountain Biking | C107: XC / Trail | D107: Endurance individual | E107: =IF(ISNUMBER(Profiles!E108),IF(ISNUMBER(Profiles!F108),MAX(0,1-(MAX(0,ABS('User Input'!$B$9-Profiles!E108)-Profiles!F108))/Profiles!F108/3),MAX(0,1-ABS('User Input'!$B$9-Profiles!E108)/(Profiles!E108*0.1)/3)),0.5) | F107: =IF(ISNUMBER(Profiles!G108),IF(ISNUMBER(Profiles!H108),MAX(0,1-(MAX(0,ABS('User Input'!$B$10-Profiles!G108)-Profiles!H108))/Profiles!H108/3),MAX(0,1-ABS('User Input'!$B$10-Profiles!G108)/(Profiles!G108*0.15)/3)),0.5) | G107: =IF(ISNUMBER(Profiles!J108),MAX(0,1-ABS('User Input'!$B$12-Profiles!J108)/5/3),0.5) | H107: =IF(ISNUMBER(Profiles!K108),MAX(0,1-ABS('User Input'!$B$14-Profiles!K108)/0.03/3),"n/a") | I107: =100*MAX(0,1-(MAX(0,Profiles!M108-'User Input'!$B$17)+0.5*MAX(0,'User Input'!$B$17-Profiles!M108)+MAX(0,Profiles!N108-'User Input'!$B$18)+0.5*MAX(0,'User Input'!$B$18-Profiles!N108)+MAX(0,Profiles!O108-'User Input'!$B$19)+0.5*MAX(0,'User Input'!$B$19-Profiles!O108)+MAX(0,Profiles!P108-'User Input'!$B$20)+0.5*MAX(0,'User Input'!$B$20-Profiles!P108)+MAX(0,Profiles!Q108-'User Input'!$B$21)+0.5*MAX(0,'User Input'!$B$21-Profiles!Q108)+MAX(0,Profiles!S108-'User Input'!$B$22)+0.5*MAX(0,'User Input'!$B$22-Profiles!S108)+MAX(0,Profiles!T108-'User Input'!$B$23)+0.5*MAX(0,'User Input'!$B$23-Profiles!T108)+MAX(0,Profiles!U108-'User Input'!$B$24)+0.5*MAX(0,'User Input'!$B$24-Profiles!U108))/40) | J107: =ROUND(60*(E107+F107+G107+IFERROR(VALUE(H107),(E107+F107+G107)/3))/4 + 0.4*I107,1) | K107: =IF(OR(AND('User Input'!$B$6="M",Profiles!$AG108="M"),AND('User Input'!$B$6="F",Profiles!$AG108="F")),1,0) | L107: =IF('User Input'!$B$27="Either",(IF(Profiles!V108>=4,1,0.3)+IF(OR(Profiles!V108<=2,ISNUMBER(SEARCH("Individual",Profiles!D108))),1,0.3))/2,IF('User Input'!$B$27="Team",IF(Profiles!V108>=4,1,0.3),IF(OR(Profiles!V108<=2,ISNUMBER(SEARCH("Individual",Profiles!D108))),1,0.3))) | M107: =IF(IFERROR(MATCH(Profiles!W108,{"None","Light","Medium","Heavy"},0)-1,0)<=IFERROR(MATCH('User Input'!$B$28,{"None","Light","Medium","Heavy"},0)-1,3),1,MAX(0,1-0.4*(IFERROR(MATCH(Profiles!W108,{"None","Light","Medium","Heavy"},0)-1,0)-IFERROR(MATCH('User Input'!$B$28,{"None","Light","Medium","Heavy"},0)-1,3)))) | N107: =IF('User Input'!$B$29="neutral",1,IF('User Input'!$B$29="essential",IF(ISNUMBER(SEARCH("Outdoor",Profiles!X108)),1,0.3),IF('User Input'!$B$29="nice",IF(ISNUMBER(SEARCH("Outdoor",Profiles!X108)),1,0.65),IF('User Input'!$B$29="indoor",IF(ISNUMBER(SEARCH("Indoor",Profiles!X108)),1,0.4),1)))) | O107: =IF('User Input'!$B$30="Yes",1,IF(Profiles!Y108="Yes",0,1)) | P107: =IF(IFERROR(MATCH(Profiles!Z108,{"Low","Medium","High"},0),2)<=IFERROR(MATCH('User Input'!$B$31,{"Low","Medium","High"},0),2),1,MAX(0,1-0.4*(IFERROR(MATCH(Profiles!Z108,{"Low","Medium","High"},0),2)-IFERROR(MATCH('User Input'!$B$31,{"Low","Medium","High"},0),2)))) | Q107: =IF('User Input'!$B$32="Yes",IF(ISNUMBER(Profiles!AC108),Profiles!AC108/10,0.5),1) | R107: =IF(OR(K107=0,O107=0),0,ROUND(MIN(100,100*(K107*0.1+L107*0.2+M107*0.2+N107*0.1+P107*0.15+Q107*0.25)*W107*X107*Y107*Z107),1)) | S107: =IF(R107=0,0,ROUND(0.5*J107+0.5*R107,1)) | T107: =J107-ROW()/1000000 | U107: =R107-ROW()/1000000 | V107: =S107-ROW()/1000000 | W107: =IF(OR(AND(OR(Profiles!D108="Team field",Profiles!D108="Team field contact",Profiles!D108="Team field stick"),'User Input'!$B$34="Yes"),AND(OR(Profiles!D108="Team court",Profiles!D108="Team court contact"),'User Input'!$B$35="Yes"),AND(Profiles!D108="Individual racquet",'User Input'!$B$36="Yes"),AND(OR(Profiles!D108="Combat striking",Profiles!D108="Combat grappling",Profiles!D108="Combat mixed"),'User Input'!$B$37="Yes"),AND(OR(Profiles!D108="Team water contact",Profiles!D108="Individual water"),'User Input'!$B$38="Yes"),AND(OR(Profiles!D108="Endurance individual",Profiles!D108="Endurance individual / pair",Profiles!D108="Endurance individual / pursuit",Profiles!D108="Endurance team / pair",Profiles!D108="Endurance multi"),'User Input'!$B$39="Yes"),AND(OR(Profiles!D108="Strength individual",Profiles!D108="Power-throw individual"),'User Input'!$B$40="Yes"),AND(OR(Profiles!D108="Individual technical",Profiles!D108="Individual aesthetic",Profiles!D108="Team precision"),'User Input'!$B$41="Yes")),1.15,1) | X107: =IF('User Input'!$B$33<>"none",1,IF(IFERROR(VALUE(TRIM(MID(SUBSTITUTE(SUBSTITUTE(Profiles!AA108,"–","-"),"-",REPT(" ",100)),100,100)))<=14,FALSE),0.7,1)) | Y107: =IF(OR('User Input'!$B$42="under30",'User Input'!$B$42=""),1,IF('User Input'!$B$42="30to45",IF((IFERROR(MATCH(Profiles!W108,{"None","Light","Medium","Heavy"},0)-1,0)+IFERROR(MATCH(Profiles!AB108,{"Low","Medium","High"},0)-1,0))>=5,0.85,1),IF('User Input'!$B$42="46to60",IF((IFERROR(MATCH(Profiles!W108,{"None","Light","Medium","Heavy"},0)-1,0)+IFERROR(MATCH(Profiles!AB108,{"Low","Medium","High"},0)-1,0))>=5,0.65,IF((IFERROR(MATCH(Profiles!W108,{"None","Light","Medium","Heavy"},0)-1,0)+IFERROR(MATCH(Profiles!AB108,{"Low","Medium","High"},0)-1,0))>=4,0.8,IF((IFERROR(MATCH(Profiles!W108,{"None","Light","Medium","Heavy"},0)-1,0)+IFERROR(MATCH(Profiles!AB108,{"Low","Medium","High"},0)-1,0))>=3,0.9,1))),IF((IFERROR(MATCH(Profiles!W108,{"None","Light","Medium","Heavy"},0)-1,0)+IFERROR(MATCH(Profiles!AB108,{"Low","Medium","High"},0)-1,0))>=5,0.4,IF((IFERROR(MATCH(Profiles!W108,{"None","Light","Medium","Heavy"},0)-1,0)+IFERROR(MATCH(Profiles!AB108,{"Low","Medium","High"},0)-1,0))>=4,0.6,IF((IFERROR(MATCH(Profiles!W108,{"None","Light","Medium","Heavy"},0)-1,0)+IFERROR(MATCH(Profiles!AB108,{"Low","Medium","High"},0)-1,0))>=3,0.75,IF((IFERROR(MATCH(Profiles!W108,{"None","Light","Medium","Heavy"},0)-1,0)+IFERROR(MATCH(Profiles!AB108,{"Low","Medium","High"},0)-1,0))>=2,0.85,1))))))) | Z107: =IF(OR('User Input'!$B$43="none",'User Input'!$B$43=""),1,IF('User Input'!$B$43="minor",IF(IFERROR(MATCH(Profiles!W108,{"None","Light","Medium","Heavy"},0)-1,0)>=3,0.7,IF(IFERROR(MATCH(Profiles!W108,{"None","Light","Medium","Heavy"},0)-1,0)>=2,0.85,1)),IF('User Input'!$B$43="joint",IF(OR(IFERROR(MATCH(Profiles!W108,{"None","Light","Medium","Heavy"},0)-1,0)>=3,IFERROR(MATCH(Profiles!AB108,{"Low","Medium","High"},0)-1,0)>=2),0.5,IF(OR(IFERROR(MATCH(Profiles!W108,{"None","Light","Medium","Heavy"},0)-1,0)>=2,IFERROR(MATCH(Profiles!AB108,{"Low","Medium","High"},0)-1,0)>=1),0.75,1)),IF(OR(IFERROR(MATCH(Profiles!W108,{"None","Light","Medium","Heavy"},0)-1,0)>=2,IFERROR(MATCH(Profiles!AB108,{"Low","Medium","High"},0)-1,0)>=2),0.3,IF(OR(IFERROR(MATCH(Profiles!W108,{"None","Light","Medium","Heavy"},0)-1,0)>=1,IFERROR(MATCH(Profiles!AB108,{"Low","Medium","High"},0)-1,0)>=1),0.6,0.9)))))
A108: SP61 | B108: Parkour / Freerunning | C108: Freestyle | D108: Power-skill individual | E108: =IF(ISNUMBER(Profiles!E109),IF(ISNUMBER(Profiles!F109),MAX(0,1-(MAX(0,ABS('User Input'!$B$9-Profiles!E109)-Profiles!F109))/Profiles!F109/3),MAX(0,1-ABS('User Input'!$B$9-Profiles!E109)/(Profiles!E109*0.1)/3)),0.5) | F108: =IF(ISNUMBER(Profiles!G109),IF(ISNUMBER(Profiles!H109),MAX(0,1-(MAX(0,ABS('User Input'!$B$10-Profiles!G109)-Profiles!H109))/Profiles!H109/3),MAX(0,1-ABS('User Input'!$B$10-Profiles!G109)/(Profiles!G109*0.15)/3)),0.5) | G108: =IF(ISNUMBER(Profiles!J109),MAX(0,1-ABS('User Input'!$B$12-Profiles!J109)/5/3),0.5) | H108: =IF(ISNUMBER(Profiles!K109),MAX(0,1-ABS('User Input'!$B$14-Profiles!K109)/0.03/3),"n/a") | I108: =100*MAX(0,1-(MAX(0,Profiles!M109-'User Input'!$B$17)+0.5*MAX(0,'User Input'!$B$17-Profiles!M109)+MAX(0,Profiles!N109-'User Input'!$B$18)+0.5*MAX(0,'User Input'!$B$18-Profiles!N109)+MAX(0,Profiles!O109-'User Input'!$B$19)+0.5*MAX(0,'User Input'!$B$19-Profiles!O109)+MAX(0,Profiles!P109-'User Input'!$B$20)+0.5*MAX(0,'User Input'!$B$20-Profiles!P109)+MAX(0,Profiles!Q109-'User Input'!$B$21)+0.5*MAX(0,'User Input'!$B$21-Profiles!Q109)+MAX(0,Profiles!S109-'User Input'!$B$22)+0.5*MAX(0,'User Input'!$B$22-Profiles!S109)+MAX(0,Profiles!T109-'User Input'!$B$23)+0.5*MAX(0,'User Input'!$B$23-Profiles!T109)+MAX(0,Profiles!U109-'User Input'!$B$24)+0.5*MAX(0,'User Input'!$B$24-Profiles!U109))/40) | J108: =ROUND(60*(E108+F108+G108+IFERROR(VALUE(H108),(E108+F108+G108)/3))/4 + 0.4*I108,1) | K108: =IF(OR(AND('User Input'!$B$6="M",Profiles!$AG109="M"),AND('User Input'!$B$6="F",Profiles!$AG109="F")),1,0) | L108: =IF('User Input'!$B$27="Either",(IF(Profiles!V109>=4,1,0.3)+IF(OR(Profiles!V109<=2,ISNUMBER(SEARCH("Individual",Profiles!D109))),1,0.3))/2,IF('User Input'!$B$27="Team",IF(Profiles!V109>=4,1,0.3),IF(OR(Profiles!V109<=2,ISNUMBER(SEARCH("Individual",Profiles!D109))),1,0.3))) | M108: =IF(IFERROR(MATCH(Profiles!W109,{"None","Light","Medium","Heavy"},0)-1,0)<=IFERROR(MATCH('User Input'!$B$28,{"None","Light","Medium","Heavy"},0)-1,3),1,MAX(0,1-0.4*(IFERROR(MATCH(Profiles!W109,{"None","Light","Medium","Heavy"},0)-1,0)-IFERROR(MATCH('User Input'!$B$28,{"None","Light","Medium","Heavy"},0)-1,3)))) | N108: =IF('User Input'!$B$29="neutral",1,IF('User Input'!$B$29="essential",IF(ISNUMBER(SEARCH("Outdoor",Profiles!X109)),1,0.3),IF('User Input'!$B$29="nice",IF(ISNUMBER(SEARCH("Outdoor",Profiles!X109)),1,0.65),IF('User Input'!$B$29="indoor",IF(ISNUMBER(SEARCH("Indoor",Profiles!X109)),1,0.4),1)))) | O108: =IF('User Input'!$B$30="Yes",1,IF(Profiles!Y109="Yes",0,1)) | P108: =IF(IFERROR(MATCH(Profiles!Z109,{"Low","Medium","High"},0),2)<=IFERROR(MATCH('User Input'!$B$31,{"Low","Medium","High"},0),2),1,MAX(0,1-0.4*(IFERROR(MATCH(Profiles!Z109,{"Low","Medium","High"},0),2)-IFERROR(MATCH('User Input'!$B$31,{"Low","Medium","High"},0),2)))) | Q108: =IF('User Input'!$B$32="Yes",IF(ISNUMBER(Profiles!AC109),Profiles!AC109/10,0.5),1) | R108: =IF(OR(K108=0,O108=0),0,ROUND(MIN(100,100*(K108*0.1+L108*0.2+M108*0.2+N108*0.1+P108*0.15+Q108*0.25)*W108*X108*Y108*Z108),1)) | S108: =IF(R108=0,0,ROUND(0.5*J108+0.5*R108,1)) | T108: =J108-ROW()/1000000 | U108: =R108-ROW()/1000000 | V108: =S108-ROW()/1000000 | W108: =IF(OR(AND(OR(Profiles!D109="Team field",Profiles!D109="Team field contact",Profiles!D109="Team field stick"),'User Input'!$B$34="Yes"),AND(OR(Profiles!D109="Team court",Profiles!D109="Team court contact"),'User Input'!$B$35="Yes"),AND(Profiles!D109="Individual racquet",'User Input'!$B$36="Yes"),AND(OR(Profiles!D109="Combat striking",Profiles!D109="Combat grappling",Profiles!D109="Combat mixed"),'User Input'!$B$37="Yes"),AND(OR(Profiles!D109="Team water contact",Profiles!D109="Individual water"),'User Input'!$B$38="Yes"),AND(OR(Profiles!D109="Endurance individual",Profiles!D109="Endurance individual / pair",Profiles!D109="Endurance individual / pursuit",Profiles!D109="Endurance team / pair",Profiles!D109="Endurance multi"),'User Input'!$B$39="Yes"),AND(OR(Profiles!D109="Strength individual",Profiles!D109="Power-throw individual"),'User Input'!$B$40="Yes"),AND(OR(Profiles!D109="Individual technical",Profiles!D109="Individual aesthetic",Profiles!D109="Team precision"),'User Input'!$B$41="Yes")),1.15,1) | X108: =IF('User Input'!$B$33<>"none",1,IF(IFERROR(VALUE(TRIM(MID(SUBSTITUTE(SUBSTITUTE(Profiles!AA109,"–","-"),"-",REPT(" ",100)),100,100)))<=14,FALSE),0.7,1)) | Y108: =IF(OR('User Input'!$B$42="under30",'User Input'!$B$42=""),1,IF('User Input'!$B$42="30to45",IF((IFERROR(MATCH(Profiles!W109,{"None","Light","Medium","Heavy"},0)-1,0)+IFERROR(MATCH(Profiles!AB109,{"Low","Medium","High"},0)-1,0))>=5,0.85,1),IF('User Input'!$B$42="46to60",IF((IFERROR(MATCH(Profiles!W109,{"None","Light","Medium","Heavy"},0)-1,0)+IFERROR(MATCH(Profiles!AB109,{"Low","Medium","High"},0)-1,0))>=5,0.65,IF((IFERROR(MATCH(Profiles!W109,{"None","Light","Medium","Heavy"},0)-1,0)+IFERROR(MATCH(Profiles!AB109,{"Low","Medium","High"},0)-1,0))>=4,0.8,IF((IFERROR(MATCH(Profiles!W109,{"None","Light","Medium","Heavy"},0)-1,0)+IFERROR(MATCH(Profiles!AB109,{"Low","Medium","High"},0)-1,0))>=3,0.9,1))),IF((IFERROR(MATCH(Profiles!W109,{"None","Light","Medium","Heavy"},0)-1,0)+IFERROR(MATCH(Profiles!AB109,{"Low","Medium","High"},0)-1,0))>=5,0.4,IF((IFERROR(MATCH(Profiles!W109,{"None","Light","Medium","Heavy"},0)-1,0)+IFERROR(MATCH(Profiles!AB109,{"Low","Medium","High"},0)-1,0))>=4,0.6,IF((IFERROR(MATCH(Profiles!W109,{"None","Light","Medium","Heavy"},0)-1,0)+IFERROR(MATCH(Profiles!AB109,{"Low","Medium","High"},0)-1,0))>=3,0.75,IF((IFERROR(MATCH(Profiles!W109,{"None","Light","Medium","Heavy"},0)-1,0)+IFERROR(MATCH(Profiles!AB109,{"Low","Medium","High"},0)-1,0))>=2,0.85,1))))))) | Z108: =IF(OR('User Input'!$B$43="none",'User Input'!$B$43=""),1,IF('User Input'!$B$43="minor",IF(IFERROR(MATCH(Profiles!W109,{"None","Light","Medium","Heavy"},0)-1,0)>=3,0.7,IF(IFERROR(MATCH(Profiles!W109,{"None","Light","Medium","Heavy"},0)-1,0)>=2,0.85,1)),IF('User Input'!$B$43="joint",IF(OR(IFERROR(MATCH(Profiles!W109,{"None","Light","Medium","Heavy"},0)-1,0)>=3,IFERROR(MATCH(Profiles!AB109,{"Low","Medium","High"},0)-1,0)>=2),0.5,IF(OR(IFERROR(MATCH(Profiles!W109,{"None","Light","Medium","Heavy"},0)-1,0)>=2,IFERROR(MATCH(Profiles!AB109,{"Low","Medium","High"},0)-1,0)>=1),0.75,1)),IF(OR(IFERROR(MATCH(Profiles!W109,{"None","Light","Medium","Heavy"},0)-1,0)>=2,IFERROR(MATCH(Profiles!AB109,{"Low","Medium","High"},0)-1,0)>=2),0.3,IF(OR(IFERROR(MATCH(Profiles!W109,{"None","Light","Medium","Heavy"},0)-1,0)>=1,IFERROR(MATCH(Profiles!AB109,{"Low","Medium","High"},0)-1,0)>=1),0.6,0.9)))))
A109: SP62 | B109: Hyrox | C109: Individual | D109: Endurance multi | E109: =IF(ISNUMBER(Profiles!E110),IF(ISNUMBER(Profiles!F110),MAX(0,1-(MAX(0,ABS('User Input'!$B$9-Profiles!E110)-Profiles!F110))/Profiles!F110/3),MAX(0,1-ABS('User Input'!$B$9-Profiles!E110)/(Profiles!E110*0.1)/3)),0.5) | F109: =IF(ISNUMBER(Profiles!G110),IF(ISNUMBER(Profiles!H110),MAX(0,1-(MAX(0,ABS('User Input'!$B$10-Profiles!G110)-Profiles!H110))/Profiles!H110/3),MAX(0,1-ABS('User Input'!$B$10-Profiles!G110)/(Profiles!G110*0.15)/3)),0.5) | G109: =IF(ISNUMBER(Profiles!J110),MAX(0,1-ABS('User Input'!$B$12-Profiles!J110)/5/3),0.5) | H109: =IF(ISNUMBER(Profiles!K110),MAX(0,1-ABS('User Input'!$B$14-Profiles!K110)/0.03/3),"n/a") | I109: =100*MAX(0,1-(MAX(0,Profiles!M110-'User Input'!$B$17)+0.5*MAX(0,'User Input'!$B$17-Profiles!M110)+MAX(0,Profiles!N110-'User Input'!$B$18)+0.5*MAX(0,'User Input'!$B$18-Profiles!N110)+MAX(0,Profiles!O110-'User Input'!$B$19)+0.5*MAX(0,'User Input'!$B$19-Profiles!O110)+MAX(0,Profiles!P110-'User Input'!$B$20)+0.5*MAX(0,'User Input'!$B$20-Profiles!P110)+MAX(0,Profiles!Q110-'User Input'!$B$21)+0.5*MAX(0,'User Input'!$B$21-Profiles!Q110)+MAX(0,Profiles!S110-'User Input'!$B$22)+0.5*MAX(0,'User Input'!$B$22-Profiles!S110)+MAX(0,Profiles!T110-'User Input'!$B$23)+0.5*MAX(0,'User Input'!$B$23-Profiles!T110)+MAX(0,Profiles!U110-'User Input'!$B$24)+0.5*MAX(0,'User Input'!$B$24-Profiles!U110))/40) | J109: =ROUND(60*(E109+F109+G109+IFERROR(VALUE(H109),(E109+F109+G109)/3))/4 + 0.4*I109,1) | K109: =IF(OR(AND('User Input'!$B$6="M",Profiles!$AG110="M"),AND('User Input'!$B$6="F",Profiles!$AG110="F")),1,0) | L109: =IF('User Input'!$B$27="Either",(IF(Profiles!V110>=4,1,0.3)+IF(OR(Profiles!V110<=2,ISNUMBER(SEARCH("Individual",Profiles!D110))),1,0.3))/2,IF('User Input'!$B$27="Team",IF(Profiles!V110>=4,1,0.3),IF(OR(Profiles!V110<=2,ISNUMBER(SEARCH("Individual",Profiles!D110))),1,0.3))) | M109: =IF(IFERROR(MATCH(Profiles!W110,{"None","Light","Medium","Heavy"},0)-1,0)<=IFERROR(MATCH('User Input'!$B$28,{"None","Light","Medium","Heavy"},0)-1,3),1,MAX(0,1-0.4*(IFERROR(MATCH(Profiles!W110,{"None","Light","Medium","Heavy"},0)-1,0)-IFERROR(MATCH('User Input'!$B$28,{"None","Light","Medium","Heavy"},0)-1,3)))) | N109: =IF('User Input'!$B$29="neutral",1,IF('User Input'!$B$29="essential",IF(ISNUMBER(SEARCH("Outdoor",Profiles!X110)),1,0.3),IF('User Input'!$B$29="nice",IF(ISNUMBER(SEARCH("Outdoor",Profiles!X110)),1,0.65),IF('User Input'!$B$29="indoor",IF(ISNUMBER(SEARCH("Indoor",Profiles!X110)),1,0.4),1)))) | O109: =IF('User Input'!$B$30="Yes",1,IF(Profiles!Y110="Yes",0,1)) | P109: =IF(IFERROR(MATCH(Profiles!Z110,{"Low","Medium","High"},0),2)<=IFERROR(MATCH('User Input'!$B$31,{"Low","Medium","High"},0),2),1,MAX(0,1-0.4*(IFERROR(MATCH(Profiles!Z110,{"Low","Medium","High"},0),2)-IFERROR(MATCH('User Input'!$B$31,{"Low","Medium","High"},0),2)))) | Q109: =IF('User Input'!$B$32="Yes",IF(ISNUMBER(Profiles!AC110),Profiles!AC110/10,0.5),1) | R109: =IF(OR(K109=0,O109=0),0,ROUND(MIN(100,100*(K109*0.1+L109*0.2+M109*0.2+N109*0.1+P109*0.15+Q109*0.25)*W109*X109*Y109*Z109),1)) | S109: =IF(R109=0,0,ROUND(0.5*J109+0.5*R109,1)) | T109: =J109-ROW()/1000000 | U109: =R109-ROW()/1000000 | V109: =S109-ROW()/1000000 | W109: =IF(OR(AND(OR(Profiles!D110="Team field",Profiles!D110="Team field contact",Profiles!D110="Team field stick"),'User Input'!$B$34="Yes"),AND(OR(Profiles!D110="Team court",Profiles!D110="Team court contact"),'User Input'!$B$35="Yes"),AND(Profiles!D110="Individual racquet",'User Input'!$B$36="Yes"),AND(OR(Profiles!D110="Combat striking",Profiles!D110="Combat grappling",Profiles!D110="Combat mixed"),'User Input'!$B$37="Yes"),AND(OR(Profiles!D110="Team water contact",Profiles!D110="Individual water"),'User Input'!$B$38="Yes"),AND(OR(Profiles!D110="Endurance individual",Profiles!D110="Endurance individual / pair",Profiles!D110="Endurance individual / pursuit",Profiles!D110="Endurance team / pair",Profiles!D110="Endurance multi"),'User Input'!$B$39="Yes"),AND(OR(Profiles!D110="Strength individual",Profiles!D110="Power-throw individual"),'User Input'!$B$40="Yes"),AND(OR(Profiles!D110="Individual technical",Profiles!D110="Individual aesthetic",Profiles!D110="Team precision"),'User Input'!$B$41="Yes")),1.15,1) | X109: =IF('User Input'!$B$33<>"none",1,IF(IFERROR(VALUE(TRIM(MID(SUBSTITUTE(SUBSTITUTE(Profiles!AA110,"–","-"),"-",REPT(" ",100)),100,100)))<=14,FALSE),0.7,1)) | Y109: =IF(OR('User Input'!$B$42="under30",'User Input'!$B$42=""),1,IF('User Input'!$B$42="30to45",IF((IFERROR(MATCH(Profiles!W110,{"None","Light","Medium","Heavy"},0)-1,0)+IFERROR(MATCH(Profiles!AB110,{"Low","Medium","High"},0)-1,0))>=5,0.85,1),IF('User Input'!$B$42="46to60",IF((IFERROR(MATCH(Profiles!W110,{"None","Light","Medium","Heavy"},0)-1,0)+IFERROR(MATCH(Profiles!AB110,{"Low","Medium","High"},0)-1,0))>=5,0.65,IF((IFERROR(MATCH(Profiles!W110,{"None","Light","Medium","Heavy"},0)-1,0)+IFERROR(MATCH(Profiles!AB110,{"Low","Medium","High"},0)-1,0))>=4,0.8,IF((IFERROR(MATCH(Profiles!W110,{"None","Light","Medium","Heavy"},0)-1,0)+IFERROR(MATCH(Profiles!AB110,{"Low","Medium","High"},0)-1,0))>=3,0.9,1))),IF((IFERROR(MATCH(Profiles!W110,{"None","Light","Medium","Heavy"},0)-1,0)+IFERROR(MATCH(Profiles!AB110,{"Low","Medium","High"},0)-1,0))>=5,0.4,IF((IFERROR(MATCH(Profiles!W110,{"None","Light","Medium","Heavy"},0)-1,0)+IFERROR(MATCH(Profiles!AB110,{"Low","Medium","High"},0)-1,0))>=4,0.6,IF((IFERROR(MATCH(Profiles!W110,{"None","Light","Medium","Heavy"},0)-1,0)+IFERROR(MATCH(Profiles!AB110,{"Low","Medium","High"},0)-1,0))>=3,0.75,IF((IFERROR(MATCH(Profiles!W110,{"None","Light","Medium","Heavy"},0)-1,0)+IFERROR(MATCH(Profiles!AB110,{"Low","Medium","High"},0)-1,0))>=2,0.85,1))))))) | Z109: =IF(OR('User Input'!$B$43="none",'User Input'!$B$43=""),1,IF('User Input'!$B$43="minor",IF(IFERROR(MATCH(Profiles!W110,{"None","Light","Medium","Heavy"},0)-1,0)>=3,0.7,IF(IFERROR(MATCH(Profiles!W110,{"None","Light","Medium","Heavy"},0)-1,0)>=2,0.85,1)),IF('User Input'!$B$43="joint",IF(OR(IFERROR(MATCH(Profiles!W110,{"None","Light","Medium","Heavy"},0)-1,0)>=3,IFERROR(MATCH(Profiles!AB110,{"Low","Medium","High"},0)-1,0)>=2),0.5,IF(OR(IFERROR(MATCH(Profiles!W110,{"None","Light","Medium","Heavy"},0)-1,0)>=2,IFERROR(MATCH(Profiles!AB110,{"Low","Medium","High"},0)-1,0)>=1),0.75,1)),IF(OR(IFERROR(MATCH(Profiles!W110,{"None","Light","Medium","Heavy"},0)-1,0)>=2,IFERROR(MATCH(Profiles!AB110,{"Low","Medium","High"},0)-1,0)>=2),0.3,IF(OR(IFERROR(MATCH(Profiles!W110,{"None","Light","Medium","Heavy"},0)-1,0)>=1,IFERROR(MATCH(Profiles!AB110,{"Low","Medium","High"},0)-1,0)>=1),0.6,0.9)))))
A110: SP63 | B110: CrossFit | C110: WOD / Competition | D110: Endurance multi | E110: =IF(ISNUMBER(Profiles!E111),IF(ISNUMBER(Profiles!F111),MAX(0,1-(MAX(0,ABS('User Input'!$B$9-Profiles!E111)-Profiles!F111))/Profiles!F111/3),MAX(0,1-ABS('User Input'!$B$9-Profiles!E111)/(Profiles!E111*0.1)/3)),0.5) | F110: =IF(ISNUMBER(Profiles!G111),IF(ISNUMBER(Profiles!H111),MAX(0,1-(MAX(0,ABS('User Input'!$B$10-Profiles!G111)-Profiles!H111))/Profiles!H111/3),MAX(0,1-ABS('User Input'!$B$10-Profiles!G111)/(Profiles!G111*0.15)/3)),0.5) | G110: =IF(ISNUMBER(Profiles!J111),MAX(0,1-ABS('User Input'!$B$12-Profiles!J111)/5/3),0.5) | H110: =IF(ISNUMBER(Profiles!K111),MAX(0,1-ABS('User Input'!$B$14-Profiles!K111)/0.03/3),"n/a") | I110: =100*MAX(0,1-(MAX(0,Profiles!M111-'User Input'!$B$17)+0.5*MAX(0,'User Input'!$B$17-Profiles!M111)+MAX(0,Profiles!N111-'User Input'!$B$18)+0.5*MAX(0,'User Input'!$B$18-Profiles!N111)+MAX(0,Profiles!O111-'User Input'!$B$19)+0.5*MAX(0,'User Input'!$B$19-Profiles!O111)+MAX(0,Profiles!P111-'User Input'!$B$20)+0.5*MAX(0,'User Input'!$B$20-Profiles!P111)+MAX(0,Profiles!Q111-'User Input'!$B$21)+0.5*MAX(0,'User Input'!$B$21-Profiles!Q111)+MAX(0,Profiles!S111-'User Input'!$B$22)+0.5*MAX(0,'User Input'!$B$22-Profiles!S111)+MAX(0,Profiles!T111-'User Input'!$B$23)+0.5*MAX(0,'User Input'!$B$23-Profiles!T111)+MAX(0,Profiles!U111-'User Input'!$B$24)+0.5*MAX(0,'User Input'!$B$24-Profiles!U111))/40) | J110: =ROUND(60*(E110+F110+G110+IFERROR(VALUE(H110),(E110+F110+G110)/3))/4 + 0.4*I110,1) | K110: =IF(OR(AND('User Input'!$B$6="M",Profiles!$AG111="M"),AND('User Input'!$B$6="F",Profiles!$AG111="F")),1,0) | L110: =IF('User Input'!$B$27="Either",(IF(Profiles!V111>=4,1,0.3)+IF(OR(Profiles!V111<=2,ISNUMBER(SEARCH("Individual",Profiles!D111))),1,0.3))/2,IF('User Input'!$B$27="Team",IF(Profiles!V111>=4,1,0.3),IF(OR(Profiles!V111<=2,ISNUMBER(SEARCH("Individual",Profiles!D111))),1,0.3))) | M110: =IF(IFERROR(MATCH(Profiles!W111,{"None","Light","Medium","Heavy"},0)-1,0)<=IFERROR(MATCH('User Input'!$B$28,{"None","Light","Medium","Heavy"},0)-1,3),1,MAX(0,1-0.4*(IFERROR(MATCH(Profiles!W111,{"None","Light","Medium","Heavy"},0)-1,0)-IFERROR(MATCH('User Input'!$B$28,{"None","Light","Medium","Heavy"},0)-1,3)))) | N110: =IF('User Input'!$B$29="neutral",1,IF('User Input'!$B$29="essential",IF(ISNUMBER(SEARCH("Outdoor",Profiles!X111)),1,0.3),IF('User Input'!$B$29="nice",IF(ISNUMBER(SEARCH("Outdoor",Profiles!X111)),1,0.65),IF('User Input'!$B$29="indoor",IF(ISNUMBER(SEARCH("Indoor",Profiles!X111)),1,0.4),1)))) | O110: =IF('User Input'!$B$30="Yes",1,IF(Profiles!Y111="Yes",0,1)) | P110: =IF(IFERROR(MATCH(Profiles!Z111,{"Low","Medium","High"},0),2)<=IFERROR(MATCH('User Input'!$B$31,{"Low","Medium","High"},0),2),1,MAX(0,1-0.4*(IFERROR(MATCH(Profiles!Z111,{"Low","Medium","High"},0),2)-IFERROR(MATCH('User Input'!$B$31,{"Low","Medium","High"},0),2)))) | Q110: =IF('User Input'!$B$32="Yes",IF(ISNUMBER(Profiles!AC111),Profiles!AC111/10,0.5),1) | R110: =IF(OR(K110=0,O110=0),0,ROUND(MIN(100,100*(K110*0.1+L110*0.2+M110*0.2+N110*0.1+P110*0.15+Q110*0.25)*W110*X110*Y110*Z110),1)) | S110: =IF(R110=0,0,ROUND(0.5*J110+0.5*R110,1)) | T110: =J110-ROW()/1000000 | U110: =R110-ROW()/1000000 | V110: =S110-ROW()/1000000 | W110: =IF(OR(AND(OR(Profiles!D111="Team field",Profiles!D111="Team field contact",Profiles!D111="Team field stick"),'User Input'!$B$34="Yes"),AND(OR(Profiles!D111="Team court",Profiles!D111="Team court contact"),'User Input'!$B$35="Yes"),AND(Profiles!D111="Individual racquet",'User Input'!$B$36="Yes"),AND(OR(Profiles!D111="Combat striking",Profiles!D111="Combat grappling",Profiles!D111="Combat mixed"),'User Input'!$B$37="Yes"),AND(OR(Profiles!D111="Team water contact",Profiles!D111="Individual water"),'User Input'!$B$38="Yes"),AND(OR(Profiles!D111="Endurance individual",Profiles!D111="Endurance individual / pair",Profiles!D111="Endurance individual / pursuit",Profiles!D111="Endurance team / pair",Profiles!D111="Endurance multi"),'User Input'!$B$39="Yes"),AND(OR(Profiles!D111="Strength individual",Profiles!D111="Power-throw individual"),'User Input'!$B$40="Yes"),AND(OR(Profiles!D111="Individual technical",Profiles!D111="Individual aesthetic",Profiles!D111="Team precision"),'User Input'!$B$41="Yes")),1.15,1) | X110: =IF('User Input'!$B$33<>"none",1,IF(IFERROR(VALUE(TRIM(MID(SUBSTITUTE(SUBSTITUTE(Profiles!AA111,"–","-"),"-",REPT(" ",100)),100,100)))<=14,FALSE),0.7,1)) | Y110: =IF(OR('User Input'!$B$42="under30",'User Input'!$B$42=""),1,IF('User Input'!$B$42="30to45",IF((IFERROR(MATCH(Profiles!W111,{"None","Light","Medium","Heavy"},0)-1,0)+IFERROR(MATCH(Profiles!AB111,{"Low","Medium","High"},0)-1,0))>=5,0.85,1),IF('User Input'!$B$42="46to60",IF((IFERROR(MATCH(Profiles!W111,{"None","Light","Medium","Heavy"},0)-1,0)+IFERROR(MATCH(Profiles!AB111,{"Low","Medium","High"},0)-1,0))>=5,0.65,IF((IFERROR(MATCH(Profiles!W111,{"None","Light","Medium","Heavy"},0)-1,0)+IFERROR(MATCH(Profiles!AB111,{"Low","Medium","High"},0)-1,0))>=4,0.8,IF((IFERROR(MATCH(Profiles!W111,{"None","Light","Medium","Heavy"},0)-1,0)+IFERROR(MATCH(Profiles!AB111,{"Low","Medium","High"},0)-1,0))>=3,0.9,1))),IF((IFERROR(MATCH(Profiles!W111,{"None","Light","Medium","Heavy"},0)-1,0)+IFERROR(MATCH(Profiles!AB111,{"Low","Medium","High"},0)-1,0))>=5,0.4,IF((IFERROR(MATCH(Profiles!W111,{"None","Light","Medium","Heavy"},0)-1,0)+IFERROR(MATCH(Profiles!AB111,{"Low","Medium","High"},0)-1,0))>=4,0.6,IF((IFERROR(MATCH(Profiles!W111,{"None","Light","Medium","Heavy"},0)-1,0)+IFERROR(MATCH(Profiles!AB111,{"Low","Medium","High"},0)-1,0))>=3,0.75,IF((IFERROR(MATCH(Profiles!W111,{"None","Light","Medium","Heavy"},0)-1,0)+IFERROR(MATCH(Profiles!AB111,{"Low","Medium","High"},0)-1,0))>=2,0.85,1))))))) | Z110: =IF(OR('User Input'!$B$43="none",'User Input'!$B$43=""),1,IF('User Input'!$B$43="minor",IF(IFERROR(MATCH(Profiles!W111,{"None","Light","Medium","Heavy"},0)-1,0)>=3,0.7,IF(IFERROR(MATCH(Profiles!W111,{"None","Light","Medium","Heavy"},0)-1,0)>=2,0.85,1)),IF('User Input'!$B$43="joint",IF(OR(IFERROR(MATCH(Profiles!W111,{"None","Light","Medium","Heavy"},0)-1,0)>=3,IFERROR(MATCH(Profiles!AB111,{"Low","Medium","High"},0)-1,0)>=2),0.5,IF(OR(IFERROR(MATCH(Profiles!W111,{"None","Light","Medium","Heavy"},0)-1,0)>=2,IFERROR(MATCH(Profiles!AB111,{"Low","Medium","High"},0)-1,0)>=1),0.75,1)),IF(OR(IFERROR(MATCH(Profiles!W111,{"None","Light","Medium","Heavy"},0)-1,0)>=2,IFERROR(MATCH(Profiles!AB111,{"Low","Medium","High"},0)-1,0)>=2),0.3,IF(OR(IFERROR(MATCH(Profiles!W111,{"None","Light","Medium","Heavy"},0)-1,0)>=1,IFERROR(MATCH(Profiles!AB111,{"Low","Medium","High"},0)-1,0)>=1),0.6,0.9)))))
A111: SP64 | B111: Drone Racing (FPV) | C111: Individual | D111: Individual technical | E111: =IF(ISNUMBER(Profiles!E112),IF(ISNUMBER(Profiles!F112),MAX(0,1-(MAX(0,ABS('User Input'!$B$9-Profiles!E112)-Profiles!F112))/Profiles!F112/3),MAX(0,1-ABS('User Input'!$B$9-Profiles!E112)/(Profiles!E112*0.1)/3)),0.5) | F111: =IF(ISNUMBER(Profiles!G112),IF(ISNUMBER(Profiles!H112),MAX(0,1-(MAX(0,ABS('User Input'!$B$10-Profiles!G112)-Profiles!H112))/Profiles!H112/3),MAX(0,1-ABS('User Input'!$B$10-Profiles!G112)/(Profiles!G112*0.15)/3)),0.5) | G111: =IF(ISNUMBER(Profiles!J112),MAX(0,1-ABS('User Input'!$B$12-Profiles!J112)/5/3),0.5) | H111: =IF(ISNUMBER(Profiles!K112),MAX(0,1-ABS('User Input'!$B$14-Profiles!K112)/0.03/3),"n/a") | I111: =100*MAX(0,1-(MAX(0,Profiles!M112-'User Input'!$B$17)+0.5*MAX(0,'User Input'!$B$17-Profiles!M112)+MAX(0,Profiles!N112-'User Input'!$B$18)+0.5*MAX(0,'User Input'!$B$18-Profiles!N112)+MAX(0,Profiles!O112-'User Input'!$B$19)+0.5*MAX(0,'User Input'!$B$19-Profiles!O112)+MAX(0,Profiles!P112-'User Input'!$B$20)+0.5*MAX(0,'User Input'!$B$20-Profiles!P112)+MAX(0,Profiles!Q112-'User Input'!$B$21)+0.5*MAX(0,'User Input'!$B$21-Profiles!Q112)+MAX(0,Profiles!S112-'User Input'!$B$22)+0.5*MAX(0,'User Input'!$B$22-Profiles!S112)+MAX(0,Profiles!T112-'User Input'!$B$23)+0.5*MAX(0,'User Input'!$B$23-Profiles!T112)+MAX(0,Profiles!U112-'User Input'!$B$24)+0.5*MAX(0,'User Input'!$B$24-Profiles!U112))/40) | J111: =ROUND(60*(E111+F111+G111+IFERROR(VALUE(H111),(E111+F111+G111)/3))/4 + 0.4*I111,1) | K111: =IF(OR(AND('User Input'!$B$6="M",Profiles!$AG112="M"),AND('User Input'!$B$6="F",Profiles!$AG112="F")),1,0) | L111: =IF('User Input'!$B$27="Either",(IF(Profiles!V112>=4,1,0.3)+IF(OR(Profiles!V112<=2,ISNUMBER(SEARCH("Individual",Profiles!D112))),1,0.3))/2,IF('User Input'!$B$27="Team",IF(Profiles!V112>=4,1,0.3),IF(OR(Profiles!V112<=2,ISNUMBER(SEARCH("Individual",Profiles!D112))),1,0.3))) | M111: =IF(IFERROR(MATCH(Profiles!W112,{"None","Light","Medium","Heavy"},0)-1,0)<=IFERROR(MATCH('User Input'!$B$28,{"None","Light","Medium","Heavy"},0)-1,3),1,MAX(0,1-0.4*(IFERROR(MATCH(Profiles!W112,{"None","Light","Medium","Heavy"},0)-1,0)-IFERROR(MATCH('User Input'!$B$28,{"None","Light","Medium","Heavy"},0)-1,3)))) | N111: =IF('User Input'!$B$29="neutral",1,IF('User Input'!$B$29="essential",IF(ISNUMBER(SEARCH("Outdoor",Profiles!X112)),1,0.3),IF('User Input'!$B$29="nice",IF(ISNUMBER(SEARCH("Outdoor",Profiles!X112)),1,0.65),IF('User Input'!$B$29="indoor",IF(ISNUMBER(SEARCH("Indoor",Profiles!X112)),1,0.4),1)))) | O111: =IF('User Input'!$B$30="Yes",1,IF(Profiles!Y112="Yes",0,1)) | P111: =IF(IFERROR(MATCH(Profiles!Z112,{"Low","Medium","High"},0),2)<=IFERROR(MATCH('User Input'!$B$31,{"Low","Medium","High"},0),2),1,MAX(0,1-0.4*(IFERROR(MATCH(Profiles!Z112,{"Low","Medium","High"},0),2)-IFERROR(MATCH('User Input'!$B$31,{"Low","Medium","High"},0),2)))) | Q111: =IF('User Input'!$B$32="Yes",IF(ISNUMBER(Profiles!AC112),Profiles!AC112/10,0.5),1) | R111: =IF(OR(K111=0,O111=0),0,ROUND(MIN(100,100*(K111*0.1+L111*0.2+M111*0.2+N111*0.1+P111*0.15+Q111*0.25)*W111*X111*Y111*Z111),1)) | S111: =IF(R111=0,0,ROUND(0.5*J111+0.5*R111,1)) | T111: =J111-ROW()/1000000 | U111: =R111-ROW()/1000000 | V111: =S111-ROW()/1000000 | W111: =IF(OR(AND(OR(Profiles!D112="Team field",Profiles!D112="Team field contact",Profiles!D112="Team field stick"),'User Input'!$B$34="Yes"),AND(OR(Profiles!D112="Team court",Profiles!D112="Team court contact"),'User Input'!$B$35="Yes"),AND(Profiles!D112="Individual racquet",'User Input'!$B$36="Yes"),AND(OR(Profiles!D112="Combat striking",Profiles!D112="Combat grappling",Profiles!D112="Combat mixed"),'User Input'!$B$37="Yes"),AND(OR(Profiles!D112="Team water contact",Profiles!D112="Individual water"),'User Input'!$B$38="Yes"),AND(OR(Profiles!D112="Endurance individual",Profiles!D112="Endurance individual / pair",Profiles!D112="Endurance individual / pursuit",Profiles!D112="Endurance team / pair",Profiles!D112="Endurance multi"),'User Input'!$B$39="Yes"),AND(OR(Profiles!D112="Strength individual",Profiles!D112="Power-throw individual"),'User Input'!$B$40="Yes"),AND(OR(Profiles!D112="Individual technical",Profiles!D112="Individual aesthetic",Profiles!D112="Team precision"),'User Input'!$B$41="Yes")),1.15,1) | X111: =IF('User Input'!$B$33<>"none",1,IF(IFERROR(VALUE(TRIM(MID(SUBSTITUTE(SUBSTITUTE(Profiles!AA112,"–","-"),"-",REPT(" ",100)),100,100)))<=14,FALSE),0.7,1)) | Y111: =IF(OR('User Input'!$B$42="under30",'User Input'!$B$42=""),1,IF('User Input'!$B$42="30to45",IF((IFERROR(MATCH(Profiles!W112,{"None","Light","Medium","Heavy"},0)-1,0)+IFERROR(MATCH(Profiles!AB112,{"Low","Medium","High"},0)-1,0))>=5,0.85,1),IF('User Input'!$B$42="46to60",IF((IFERROR(MATCH(Profiles!W112,{"None","Light","Medium","Heavy"},0)-1,0)+IFERROR(MATCH(Profiles!AB112,{"Low","Medium","High"},0)-1,0))>=5,0.65,IF((IFERROR(MATCH(Profiles!W112,{"None","Light","Medium","Heavy"},0)-1,0)+IFERROR(MATCH(Profiles!AB112,{"Low","Medium","High"},0)-1,0))>=4,0.8,IF((IFERROR(MATCH(Profiles!W112,{"None","Light","Medium","Heavy"},0)-1,0)+IFERROR(MATCH(Profiles!AB112,{"Low","Medium","High"},0)-1,0))>=3,0.9,1))),IF((IFERROR(MATCH(Profiles!W112,{"None","Light","Medium","Heavy"},0)-1,0)+IFERROR(MATCH(Profiles!AB112,{"Low","Medium","High"},0)-1,0))>=5,0.4,IF((IFERROR(MATCH(Profiles!W112,{"None","Light","Medium","Heavy"},0)-1,0)+IFERROR(MATCH(Profiles!AB112,{"Low","Medium","High"},0)-1,0))>=4,0.6,IF((IFERROR(MATCH(Profiles!W112,{"None","Light","Medium","Heavy"},0)-1,0)+IFERROR(MATCH(Profiles!AB112,{"Low","Medium","High"},0)-1,0))>=3,0.75,IF((IFERROR(MATCH(Profiles!W112,{"None","Light","Medium","Heavy"},0)-1,0)+IFERROR(MATCH(Profiles!AB112,{"Low","Medium","High"},0)-1,0))>=2,0.85,1))))))) | Z111: =IF(OR('User Input'!$B$43="none",'User Input'!$B$43=""),1,IF('User Input'!$B$43="minor",IF(IFERROR(MATCH(Profiles!W112,{"None","Light","Medium","Heavy"},0)-1,0)>=3,0.7,IF(IFERROR(MATCH(Profiles!W112,{"None","Light","Medium","Heavy"},0)-1,0)>=2,0.85,1)),IF('User Input'!$B$43="joint",IF(OR(IFERROR(MATCH(Profiles!W112,{"None","Light","Medium","Heavy"},0)-1,0)>=3,IFERROR(MATCH(Profiles!AB112,{"Low","Medium","High"},0)-1,0)>=2),0.5,IF(OR(IFERROR(MATCH(Profiles!W112,{"None","Light","Medium","Heavy"},0)-1,0)>=2,IFERROR(MATCH(Profiles!AB112,{"Low","Medium","High"},0)-1,0)>=1),0.75,1)),IF(OR(IFERROR(MATCH(Profiles!W112,{"None","Light","Medium","Heavy"},0)-1,0)>=2,IFERROR(MATCH(Profiles!AB112,{"Low","Medium","High"},0)-1,0)>=2),0.3,IF(OR(IFERROR(MATCH(Profiles!W112,{"None","Light","Medium","Heavy"},0)-1,0)>=1,IFERROR(MATCH(Profiles!AB112,{"Low","Medium","High"},0)-1,0)>=1),0.6,0.9)))))
A112: SP65 | B112: Karting | C112: Sprint / Endurance | D112: Individual technical | E112: =IF(ISNUMBER(Profiles!E113),IF(ISNUMBER(Profiles!F113),MAX(0,1-(MAX(0,ABS('User Input'!$B$9-Profiles!E113)-Profiles!F113))/Profiles!F113/3),MAX(0,1-ABS('User Input'!$B$9-Profiles!E113)/(Profiles!E113*0.1)/3)),0.5) | F112: =IF(ISNUMBER(Profiles!G113),IF(ISNUMBER(Profiles!H113),MAX(0,1-(MAX(0,ABS('User Input'!$B$10-Profiles!G113)-Profiles!H113))/Profiles!H113/3),MAX(0,1-ABS('User Input'!$B$10-Profiles!G113)/(Profiles!G113*0.15)/3)),0.5) | G112: =IF(ISNUMBER(Profiles!J113),MAX(0,1-ABS('User Input'!$B$12-Profiles!J113)/5/3),0.5) | H112: =IF(ISNUMBER(Profiles!K113),MAX(0,1-ABS('User Input'!$B$14-Profiles!K113)/0.03/3),"n/a") | I112: =100*MAX(0,1-(MAX(0,Profiles!M113-'User Input'!$B$17)+0.5*MAX(0,'User Input'!$B$17-Profiles!M113)+MAX(0,Profiles!N113-'User Input'!$B$18)+0.5*MAX(0,'User Input'!$B$18-Profiles!N113)+MAX(0,Profiles!O113-'User Input'!$B$19)+0.5*MAX(0,'User Input'!$B$19-Profiles!O113)+MAX(0,Profiles!P113-'User Input'!$B$20)+0.5*MAX(0,'User Input'!$B$20-Profiles!P113)+MAX(0,Profiles!Q113-'User Input'!$B$21)+0.5*MAX(0,'User Input'!$B$21-Profiles!Q113)+MAX(0,Profiles!S113-'User Input'!$B$22)+0.5*MAX(0,'User Input'!$B$22-Profiles!S113)+MAX(0,Profiles!T113-'User Input'!$B$23)+0.5*MAX(0,'User Input'!$B$23-Profiles!T113)+MAX(0,Profiles!U113-'User Input'!$B$24)+0.5*MAX(0,'User Input'!$B$24-Profiles!U113))/40) | J112: =ROUND(60*(E112+F112+G112+IFERROR(VALUE(H112),(E112+F112+G112)/3))/4 + 0.4*I112,1) | K112: =IF(OR(AND('User Input'!$B$6="M",Profiles!$AG113="M"),AND('User Input'!$B$6="F",Profiles!$AG113="F")),1,0) | L112: =IF('User Input'!$B$27="Either",(IF(Profiles!V113>=4,1,0.3)+IF(OR(Profiles!V113<=2,ISNUMBER(SEARCH("Individual",Profiles!D113))),1,0.3))/2,IF('User Input'!$B$27="Team",IF(Profiles!V113>=4,1,0.3),IF(OR(Profiles!V113<=2,ISNUMBER(SEARCH("Individual",Profiles!D113))),1,0.3))) | M112: =IF(IFERROR(MATCH(Profiles!W113,{"None","Light","Medium","Heavy"},0)-1,0)<=IFERROR(MATCH('User Input'!$B$28,{"None","Light","Medium","Heavy"},0)-1,3),1,MAX(0,1-0.4*(IFERROR(MATCH(Profiles!W113,{"None","Light","Medium","Heavy"},0)-1,0)-IFERROR(MATCH('User Input'!$B$28,{"None","Light","Medium","Heavy"},0)-1,3)))) | N112: =IF('User Input'!$B$29="neutral",1,IF('User Input'!$B$29="essential",IF(ISNUMBER(SEARCH("Outdoor",Profiles!X113)),1,0.3),IF('User Input'!$B$29="nice",IF(ISNUMBER(SEARCH("Outdoor",Profiles!X113)),1,0.65),IF('User Input'!$B$29="indoor",IF(ISNUMBER(SEARCH("Indoor",Profiles!X113)),1,0.4),1)))) | O112: =IF('User Input'!$B$30="Yes",1,IF(Profiles!Y113="Yes",0,1)) | P112: =IF(IFERROR(MATCH(Profiles!Z113,{"Low","Medium","High"},0),2)<=IFERROR(MATCH('User Input'!$B$31,{"Low","Medium","High"},0),2),1,MAX(0,1-0.4*(IFERROR(MATCH(Profiles!Z113,{"Low","Medium","High"},0),2)-IFERROR(MATCH('User Input'!$B$31,{"Low","Medium","High"},0),2)))) | Q112: =IF('User Input'!$B$32="Yes",IF(ISNUMBER(Profiles!AC113),Profiles!AC113/10,0.5),1) | R112: =IF(OR(K112=0,O112=0),0,ROUND(MIN(100,100*(K112*0.1+L112*0.2+M112*0.2+N112*0.1+P112*0.15+Q112*0.25)*W112*X112*Y112*Z112),1)) | S112: =IF(R112=0,0,ROUND(0.5*J112+0.5*R112,1)) | T112: =J112-ROW()/1000000 | U112: =R112-ROW()/1000000 | V112: =S112-ROW()/1000000 | W112: =IF(OR(AND(OR(Profiles!D113="Team field",Profiles!D113="Team field contact",Profiles!D113="Team field stick"),'User Input'!$B$34="Yes"),AND(OR(Profiles!D113="Team court",Profiles!D113="Team court contact"),'User Input'!$B$35="Yes"),AND(Profiles!D113="Individual racquet",'User Input'!$B$36="Yes"),AND(OR(Profiles!D113="Combat striking",Profiles!D113="Combat grappling",Profiles!D113="Combat mixed"),'User Input'!$B$37="Yes"),AND(OR(Profiles!D113="Team water contact",Profiles!D113="Individual water"),'User Input'!$B$38="Yes"),AND(OR(Profiles!D113="Endurance individual",Profiles!D113="Endurance individual / pair",Profiles!D113="Endurance individual / pursuit",Profiles!D113="Endurance team / pair",Profiles!D113="Endurance multi"),'User Input'!$B$39="Yes"),AND(OR(Profiles!D113="Strength individual",Profiles!D113="Power-throw individual"),'User Input'!$B$40="Yes"),AND(OR(Profiles!D113="Individual technical",Profiles!D113="Individual aesthetic",Profiles!D113="Team precision"),'User Input'!$B$41="Yes")),1.15,1) | X112: =IF('User Input'!$B$33<>"none",1,IF(IFERROR(VALUE(TRIM(MID(SUBSTITUTE(SUBSTITUTE(Profiles!AA113,"–","-"),"-",REPT(" ",100)),100,100)))<=14,FALSE),0.7,1)) | Y112: =IF(OR('User Input'!$B$42="under30",'User Input'!$B$42=""),1,IF('User Input'!$B$42="30to45",IF((IFERROR(MATCH(Profiles!W113,{"None","Light","Medium","Heavy"},0)-1,0)+IFERROR(MATCH(Profiles!AB113,{"Low","Medium","High"},0)-1,0))>=5,0.85,1),IF('User Input'!$B$42="46to60",IF((IFERROR(MATCH(Profiles!W113,{"None","Light","Medium","Heavy"},0)-1,0)+IFERROR(MATCH(Profiles!AB113,{"Low","Medium","High"},0)-1,0))>=5,0.65,IF((IFERROR(MATCH(Profiles!W113,{"None","Light","Medium","Heavy"},0)-1,0)+IFERROR(MATCH(Profiles!AB113,{"Low","Medium","High"},0)-1,0))>=4,0.8,IF((IFERROR(MATCH(Profiles!W113,{"None","Light","Medium","Heavy"},0)-1,0)+IFERROR(MATCH(Profiles!AB113,{"Low","Medium","High"},0)-1,0))>=3,0.9,1))),IF((IFERROR(MATCH(Profiles!W113,{"None","Light","Medium","Heavy"},0)-1,0)+IFERROR(MATCH(Profiles!AB113,{"Low","Medium","High"},0)-1,0))>=5,0.4,IF((IFERROR(MATCH(Profiles!W113,{"None","Light","Medium","Heavy"},0)-1,0)+IFERROR(MATCH(Profiles!AB113,{"Low","Medium","High"},0)-1,0))>=4,0.6,IF((IFERROR(MATCH(Profiles!W113,{"None","Light","Medium","Heavy"},0)-1,0)+IFERROR(MATCH(Profiles!AB113,{"Low","Medium","High"},0)-1,0))>=3,0.75,IF((IFERROR(MATCH(Profiles!W113,{"None","Light","Medium","Heavy"},0)-1,0)+IFERROR(MATCH(Profiles!AB113,{"Low","Medium","High"},0)-1,0))>=2,0.85,1))))))) | Z112: =IF(OR('User Input'!$B$43="none",'User Input'!$B$43=""),1,IF('User Input'!$B$43="minor",IF(IFERROR(MATCH(Profiles!W113,{"None","Light","Medium","Heavy"},0)-1,0)>=3,0.7,IF(IFERROR(MATCH(Profiles!W113,{"None","Light","Medium","Heavy"},0)-1,0)>=2,0.85,1)),IF('User Input'!$B$43="joint",IF(OR(IFERROR(MATCH(Profiles!W113,{"None","Light","Medium","Heavy"},0)-1,0)>=3,IFERROR(MATCH(Profiles!AB113,{"Low","Medium","High"},0)-1,0)>=2),0.5,IF(OR(IFERROR(MATCH(Profiles!W113,{"None","Light","Medium","Heavy"},0)-1,0)>=2,IFERROR(MATCH(Profiles!AB113,{"Low","Medium","High"},0)-1,0)>=1),0.75,1)),IF(OR(IFERROR(MATCH(Profiles!W113,{"None","Light","Medium","Heavy"},0)-1,0)>=2,IFERROR(MATCH(Profiles!AB113,{"Low","Medium","High"},0)-1,0)>=2),0.3,IF(OR(IFERROR(MATCH(Profiles!W113,{"None","Light","Medium","Heavy"},0)-1,0)>=1,IFERROR(MATCH(Profiles!AB113,{"Low","Medium","High"},0)-1,0)>=1),0.6,0.9)))))

Sheet Profiles
A1: Identity | E1: Physical profile (male elite) | M1: Performance profile (0–10 demand) | V1: Categorical attributes | AC1: Ireland market | AE1: Sources & notes | AG1: Sex
A2: Sport ID | B2: Sport | C2: Position / Discipline | D2: Category | E2: Height mean (cm) | F2: Height SD (cm) | G2: Weight mean (kg) | H2: Weight SD (kg) | I2: BMI mean | J2: Body fat % mean | K2: Wingspan / height ratio | L2: Sitting-height / stature ratio | M2: Aerobic | N2: Anaerobic | O2: Max strength | P2: Power / explosive | Q2: Speed | R2: Endurance | S2: Flexibility | T2: Coordination / skill | U2: Reaction time | V2: Team size | W2: Contact level | X2: Environment | Y2: Water-based | Z2: Equipment cost | AA2: Typical entry age | AB2: Injury risk | AC2: Accessibility (1–10) | AD2: Local clubs prevalent | AE2: Primary Source IDs | AF2: Notes | AG2: Sex (M / F / Both)
A3: SP01 | B3: Soccer (football) | C3: Outfield (all) | D3: Team field | E3: 180 | F3: 6 | G3: 76 | H3: 7 | I3: 23.4 | J3: 11 | M3: 8 | N3: 7 | O3: 5 | P3: 7 | Q3: 8 | R3: 8 | S3: 5 | T3: 8 | U3: 7 | V3: 11 | W3: Medium | X3: Outdoor | Y3: No | Z3: Low | AA3: 5–8 | AB3: Medium | AC3: 10 | AD3: Yes | AE3: S01, S02 | AF3: Goalkeepers significantly taller/heavier than outfield; midfielders leanest. Profile here is the outfield mean across La Liga and broader European elite samples. | AG3: M
A4: SP01b | B4: Soccer (football) | C4: Goalkeeper | D4: Team field | E4: 188 | F4: 4 | G4: 84 | H4: 6 | I4: 23.8 | J4: 12 | M4: 5 | N4: 6 | O4: 6 | P4: 8 | Q4: 6 | R4: 5 | S4: 6 | T4: 8 | U4: 9 | V4: 11 | W4: Low | X4: Outdoor | Y4: No | Z4: Low | AA4: 8–12 | AB4: Medium | AC4: 10 | AD4: Yes | AE4: S02 | AF4: Goalkeepers 80.2 ± 3.2 kg in Spanish La Liga sample (S02); reaction time and aerial presence dominate vs outfield demands. | AG4: M
A5: SP02 | B5: Basketball | C5: All positions (NBA mean) | D5: Team court | E5: 198.6 | F5: 9 | G5: 100 | H5: 12 | I5: 25.3 | J5: 11 | K5: 1.063 | M5: 7 | N5: 8 | O5: 6 | P5: 9 | Q5: 8 | R5: 7 | S5: 5 | T5: 8 | U5: 8 | V5: 5 | W5: Low | X5: Indoor | Y5: No | Z5: Low | AA5: 6–10 | AB5: Medium | AC5: 7 | AD5: Yes | AE5: S04, S05, S06 | AF5: NBA league-wide mean height stable at ~6'6" / 198.6 cm since 1987. Wingspan typically 2–6 inches greater than height; mean wingspan/height ratio 1.063. | AG5: M
A6: SP02b | B6: Basketball | C6: Guards (PG/SG) | D6: Team court | E6: 191 | F6: 5 | G6: 88 | H6: 8 | I6: 24.1 | J6: 9 | K6: 1.06 | M6: 7 | N6: 9 | O6: 5 | P6: 9 | Q6: 9 | R6: 7 | S6: 5 | T6: 9 | U6: 9 | V6: 5 | W6: Low | X6: Indoor | Y6: No | Z6: Low | AA6: 6–10 | AB6: Medium | AC6: 7 | AD6: Yes | AE6: S03, S04 | AF6: Guards lighter, leaner, more agile; perimeter shooting and ball-handling dominant. | AG6: M
A7: SP03 | B7: Distance running | C7: Long-distance (marathon) | D7: Endurance individual | E7: 177 | F7: 5 | G7: 64 | H7: 5 | I7: 20.5 | J7: 7 | M7: 10 | N7: 3 | O7: 2 | P7: 3 | Q7: 4 | R7: 10 | S7: 5 | T7: 4 | U7: 3 | V7: 1 | W7: None | X7: Outdoor | Y7: No | Z7: Low | AA7: Any | AB7: Medium | AC7: 10 | AD7: Yes | AE7: S07, S08, S09 | AF7: Elite male marathoners span 168–188 cm / 57–75 kg, BMI 19–23 (S08). VO2max ~70–80 ml/kg/min in elite (S09). Longer legs relative to trunk improve running economy. | AG7: M
A8: SP04 | B8: Road cycling | C8: Grand Tour all-rounder | D8: Endurance individual | E8: 180 | F8: 5 | G8: 70 | H8: 5 | I8: 21.4 | J8: 8 | M8: 10 | N8: 6 | O8: 5 | P8: 7 | Q8: 6 | R8: 10 | S8: 4 | T8: 6 | U8: 5 | V8: 1 | W8: None | X8: Outdoor | Y8: No | Z8: High | AA8: Any | AB8: Medium | AC8: 9 | AD8: Yes | AE8: S10, S11, S12 | AF8: Giro d'Italia 2013 elite mean BM 70.5 kg / BMI 21.4 (S10). Climbers leaner (~60–68 kg). Track sprinters heavier and more muscular (S12). | AG8: M
A9: SP05 | B9: Swimming | C9: Pool (freestyle) | D9: Endurance individual | E9: 184 | F9: 6 | G9: 78 | H9: 6 | I9: 23.1 | J9: 8 | K9: 1.04 | M9: 9 | N9: 8 | O9: 6 | P9: 8 | Q9: 8 | R9: 9 | S9: 8 | T9: 7 | U9: 6 | V9: 1 | W9: None | X9: Indoor | Y9: Yes | Z9: Low | AA9: 4–8 | AB9: Low | AC9: 8 | AD9: Yes | AE9: S13, S14, S15 | AF9: Modern male elite mean 183.8 cm / 78.4 kg / ~8% BF (S13). Long wingspan, long torso, large hands/feet typical. Phelps illustrative: 193 cm height, 201 cm wingspan. | AG9: M
A10: SP06 | B10: Rugby union | C10: Forwards (tight five & loose) | D10: Team field contact | E10: 189 | F10: 5 | G10: 111 | H10: 9 | I10: 31 | J10: 15 | M10: 6 | N10: 8 | O10: 10 | P10: 8 | Q10: 5 | R10: 6 | S10: 4 | T10: 7 | U10: 6 | V10: 15 | W10: Heavy | X10: Outdoor | Y10: No | Z10: Low | AA10: 6–10 | AB10: High | AC10: 9 | AD10: Yes | AE10: S16, S17 | AF10: Brazier et al. (S16) review: RU forwards ~111 kg, BF ~15%. Back squat ~176 kg and bench ~131 kg in elite cohorts. | AG10: M
A11: SP06b | B11: Rugby union | C11: Backs | D11: Team field contact | E11: 182 | F11: 5 | G11: 93 | H11: 7 | I11: 28.1 | J11: 12 | M11: 8 | N11: 9 | O11: 8 | P11: 9 | Q11: 9 | R11: 7 | S11: 5 | T11: 8 | U11: 8 | V11: 15 | W11: Heavy | X11: Outdoor | Y11: No | Z11: Low | AA11: 6–10 | AB11: High | AC11: 9 | AD11: Yes | AE11: S16, S17 | AF11: Backs ~93 kg, BF ~12% (S16); faster (10 m ~1.77 s) and more aerobically capable than forwards but lighter and weaker absolutely. | AG11: M
A12: SP07 | B12: Gymnastics | C12: Female artistic / rhythmic (senior) | D12: Individual aesthetic | E12: 160 | F12: 6 | G12: 55 | H12: 5 | I12: 20.4 | J12: 14 | M12: 5 | N12: 7 | O12: 8 | P12: 10 | Q12: 6 | R12: 5 | S12: 10 | T12: 10 | U12: 8 | V12: 1 | W12: None | X12: Indoor | Y12: No | Z12: Medium | AA12: 4–8 | AB12: High | AC12: 6 | AD12: Some | AE12: S18, S19, S20 | AF12: Slovenian high-performance female cohort 159.8 ± 6.2 cm / 54.8 ± 5.3 kg (S20). Spanish elite teens ~14% BF (S19). Tight height distribution — strong constraint. | AG12: F
A13: SP08 | B13: Rowing | C13: Heavyweight (sweep / sculls) | D13: Endurance team / pair | E13: 188 | F13: 5 | G13: 88 | H13: 6 | I13: 24.9 | J13: 9 | K13: 1.04 | M13: 10 | N13: 8 | O13: 9 | P13: 8 | Q13: 4 | R13: 9 | S13: 5 | T13: 7 | U13: 5 | V13: 8 | W13: None | X13: Outdoor | Y13: Yes | Z13: High | AA13: 12–16 | AB13: Medium | AC13: 7 | AD13: Some | AE13: S21, S22 | AF13: FISA Junior World Champs cohort: 187.4 ± 5.8 cm / 82.2 ± 7.4 kg (S21). Traditional senior rowers: wingspan 189 ± 5.8 cm, BF ~8% (S22). Long wingspan more predictive of performance than height alone. | AG13: M
A14: SP09 | B14: Tennis | C14: Singles (ATP) | D14: Individual racquet | E14: 186.9 | F14: 7.4 | G14: 81.6 | H14: 7.1 | I14: 23.4 | J14: 10 | M14: 8 | N14: 8 | O14: 6 | P14: 8 | Q14: 8 | R14: 8 | S14: 6 | T14: 9 | U14: 9 | V14: 1 | W14: None | X14: Outdoor / indoor | Y14: No | Z14: Medium | AA14: 5–8 | AB14: Medium | AC14: 8 | AD14: Yes | AE14: S23, S24 | AF14: 2019 Barcelona Open ATP players 186.9 ± 7.4 cm / 81.6 ± 7.1 kg (S24). Top-10 height range 175–198 cm (S23). Height correlates strongly with serve velocity. | AG14: M
A15: SP10 | B15: Gaelic football | C15: Inter-county (all positions) | D15: Team field | E15: 183 | F15: 4 | G15: 82 | H15: 5 | I15: 24.5 | J15: 12 | M15: 9 | N15: 8 | O15: 7 | P15: 8 | Q15: 8 | R15: 9 | S15: 5 | T15: 8 | U15: 7 | V15: 15 | W15: Medium | X15: Outdoor | Y15: No | Z15: Low | AA15: 6–10 | AB15: Medium | AC15: 10 | AD15: Yes | AE15: S25, S26 | AF15: Cullen et al. (S25) elite inter-county sample (n=148). Range 178–187 cm / 81.0–83.6 kg (S26). Full-forwards carry slightly higher BF; half-backs/midfield leanest. | AG15: M
A16: SP11 | B16: Sprinting (track) | C16: 100 m | D16: Individual power-speed | E16: 179 | F16: 8 | G16: 80 | H16: 8 | I16: 24.9 | J16: 8 | M16: 3 | N16: 10 | O16: 9 | P16: 10 | Q16: 10 | R16: 2 | S16: 7 | T16: 8 | U16: 10 | V16: 1 | W16: None | X16: Outdoor | Y16: No | Z16: Low | AA16: 10–14 | AB16: Medium | AC16: 7 | AD16: Some | AE16: S27, S28 | AF16: Beijing/Berlin/London 100m finalists 176–179 cm / 77–80 kg (S27). US elite cohort 173 ± 8 cm / 69.3 ± 10 kg / BMI 23.1 (S28). Bolt outlier at 196 cm / 93 kg. ~70–80% Type II muscle fibres typical. | AG16: M
A17: SP12 | B17: Sport climbing | C17: Lead / bouldering | D17: Individual technical | E17: 174 | F17: 6 | G17: 64 | H17: 8 | I17: 21.2 | J17: 8 | K17: 1.02 | M17: 6 | N17: 7 | O17: 9 | P17: 8 | Q17: 4 | R17: 7 | S17: 9 | T17: 9 | U17: 7 | V17: 1 | W17: None | X17: Indoor / outdoor | Y17: No | Z17: Medium | AA17: Any | AB17: Medium | AC17: 7 | AD17: Growing | AE17: S29, S30 | AF17: High-elite lead climbers 173.3 ± 6.3 cm / 63.3 ± 8.4 kg / BF 7.97 ± 4.83% (S30). International-level climbers have higher ape index and arm-index than national-level; lower body mass and BF than less-elite (S29, S30). | AG17: M
A18: SP13 | B18: Boxing | C18: Heavyweight (>91 kg) | D18: Combat striking | E18: 187 | F18: 6.5 | G18: 110 | H18: 12 | I18: 31.4 | J18: 13 | K18: 1.04 | M18: 7 | N18: 9 | O18: 9 | P18: 9 | Q18: 7 | R18: 7 | S18: 5 | T18: 9 | U18: 10 | V18: 1 | W18: Heavy | X18: Indoor | Y18: No | Z18: Low | AA18: 10–18 | AB18: High | AC18: 8 | AD18: Yes | AE18: S31, S32, S33 | AF18: Heavyweight world title contestants (n=237): 187.3 ± 6.5 cm / 97.5 ± 11.5 kg / reach 195.2 ± 9.4 cm (S32). Population-level optimum ~110 kg for winning (S31). Long reach and tall stature strong positive predictors. | AG18: M
A19: SP13b | B19: Boxing | C19: Featherweight (~57 kg) | D19: Combat striking | E19: 170 | F19: 5 | G19: 57 | H19: 2 | I19: 19.7 | J19: 7 | K19: 1.03 | M19: 8 | N19: 10 | O19: 8 | P19: 9 | Q19: 8 | R19: 7 | S19: 5 | T19: 9 | U19: 10 | V19: 1 | W19: Heavy | X19: Indoor | Y19: No | Z19: Low | AA19: 10–18 | AB19: High | AC19: 8 | AD19: Yes | AE19: S33, S34 | AF19: Featherweight elite case study: BF 7.0% (BIA), somatotype 1.5-2.8-5.2 (S34). Boxing male means across weight classes BMI ~22.7 (S33). Lighter classes leaner and longer. | AG19: M
A20: SP13F | B20: Boxing | C20: Female (Olympic mean) | D20: Combat striking | E20: 168 | F20: 6 | G20: 60 | H20: 8 | I20: 22.5 | J20: 17 | M20: 8 | N20: 9 | O20: 8 | P20: 9 | Q20: 8 | R20: 7 | S20: 6 | T20: 9 | U20: 10 | V20: 1 | W20: Heavy | X20: Indoor | Y20: No | Z20: Low | AA20: 12–18 | AB20: High | AC20: 7 | AD20: Yes | AE20: S33, S52 | AF20: Olympic female combat athletes — boxers: BMI ~22.5, BF ~13.9% in Reale (S33). Female boxers high BMD despite low fat mass (S52). Profile is across-weight-class mean. | AG20: F
A21: SP14 | B21: MMA | C21: All disciplines (lightweight–welterweight) | D21: Combat mixed | E21: 177 | F21: 6 | G21: 75 | H21: 8 | I21: 24 | J21: 10 | K21: 1.03 | M21: 8 | N21: 10 | O21: 8 | P21: 9 | Q21: 8 | R21: 8 | S21: 7 | T21: 9 | U21: 9 | V21: 1 | W21: Heavy | X21: Indoor | Y21: No | Z21: Low | AA21: 16+ | AB21: High | AC21: 6 | AD21: Growing | AE21: S40, S33 | AF21: Profile bridges striking and grappling demands; published MMA elite cohorts span wider range than single-discipline combat sports (S40). Borrows from kickboxing/BJJ/wrestling. | AG21: M
A22: SP15 | B22: Judo | C22: Senior elite (cross weight, male) | D22: Combat grappling | E22: 176 | F22: 8 | G22: 80 | H22: 18 | I22: 25.8 | J22: 13 | M22: 7 | N22: 10 | O22: 9 | P22: 8 | Q22: 6 | R22: 7 | S22: 8 | T22: 9 | U22: 8 | V22: 1 | W22: Heavy | X22: Indoor | Y22: No | Z22: Low | AA22: 6–14 | AB22: High | AC22: 7 | AD22: Yes | AE22: S33, S36, S37 | AF22: Male judo Olympic mean BMI ~26.1 (S33). Spanish elite male profile from Canda (S37) varies sharply by weight class. Lower-weight judokas leaner; heavyweights up to 130+ kg. | AG22: M
A23: SP15F | B23: Judo | C23: Senior elite (cross weight, female) | D23: Combat grappling | E23: 166 | F23: 7 | G23: 67 | H23: 12 | I23: 24.5 | J23: 18 | M23: 7 | N23: 10 | O23: 8 | P23: 8 | Q23: 6 | R23: 7 | S23: 9 | T23: 9 | U23: 8 | V23: 1 | W23: Heavy | X23: Indoor | Y23: No | Z23: Low | AA23: 6–14 | AB23: High | AC23: 7 | AD23: Yes | AE23: S33, S50, S51 | AF23: Female judoka Olympic mean BMI ~24.5 / BF ~17.6% (S33). Spanish and Polish female elite cohorts cluster similarly. High-rank female judokas: lower BF, larger neck/thoracic circumferences, longer hands and shorter thighs (S50). | AG23: F
A24: SP16 | B24: Brazilian jiu-jitsu | C24: Senior elite (male) | D24: Combat grappling | E24: 176 | F24: 6 | G24: 80 | H24: 10 | I24: 25.8 | J24: 11 | M24: 7 | N24: 9 | O24: 8 | P24: 8 | Q24: 5 | R24: 8 | S24: 9 | T24: 10 | U24: 7 | V24: 1 | W24: Heavy | X24: Indoor | Y24: No | Z24: Low | AA24: Any | AB24: Medium | AC24: 7 | AD24: Growing | AE24: S38, S39 | AF24: Mesomorph somatotype dominant in BJJ elite (S38). Performance correlates more with technique and grappling-specific endurance than with extreme physical attributes; flatter physical-constraint profile vs other combat sports. | AG24: M
A25: SP17 | B25: Wrestling (freestyle) | C25: Senior elite (male) | D25: Combat grappling | E25: 171 | F25: 5 | G25: 75 | H25: 10 | I25: 25.7 | J25: 11 | M25: 7 | N25: 10 | O25: 10 | P25: 9 | Q25: 7 | R25: 7 | S25: 8 | T25: 9 | U25: 9 | V25: 1 | W25: Heavy | X25: Indoor | Y25: No | Z25: Low | AA25: 8–16 | AB25: High | AC25: 5 | AD25: Some | AE25: S33, S41 | AF25: Turkish Super League freestyle wrestlers 170.9 ± 5.3 cm / 75.2 ± 9.6 kg / BMI 25.7 ± 2.4 (S41). Olympic male wrestlers BMI ~24.2 (S33). Highest strength demand of all combat sports relative to bodyweight. | AG25: M
A26: SP18 | B26: Taekwondo | C26: Senior elite (male) | D26: Combat striking | E26: 180 | F26: 6 | G26: 67 | H26: 8 | I26: 20.7 | J26: 9 | M26: 8 | N26: 10 | O26: 6 | P26: 10 | Q26: 9 | R26: 7 | S26: 10 | T26: 9 | U26: 10 | V26: 1 | W26: Medium | X26: Indoor | Y26: No | Z26: Low | AA26: 6–14 | AB26: Medium | AC26: 7 | AD26: Yes | AE26: S33 | AF26: Olympic male taekwondo athletes lowest BMI of combat sports at ~20.7 (S33). Lower-body lean-mass dominant — kicks generate primary scoring. Tall, lean, and explosive. | AG26: M
A27: SP19 | B27: Kickboxing | C27: Pro middle/welter (male) | D27: Combat striking | E27: 177 | F27: 6 | G27: 72 | H27: 7 | I27: 23 | J27: 8 | M27: 8 | N27: 10 | O27: 8 | P27: 9 | Q27: 9 | R27: 8 | S27: 8 | T27: 9 | U27: 10 | V27: 1 | W27: Heavy | X27: Indoor | Y27: No | Z27: Low | AA27: 12–18 | AB27: High | AC27: 7 | AD27: Growing | AE27: S35 | AF27: Pro middleweight/welterweight kickboxers: VO2max 54–69 ml/kg/min, BF 6.1–10.8%, mesomedial somatotype (S35). Knee extension peak torque higher than many comparable combat athletes. | AG27: M
A28: SP20 | B28: Badminton | C28: Singles (male elite) | D28: Individual racquet | E28: 181 | F28: 5 | G28: 73 | H28: 6 | I28: 22.3 | J28: 9 | M28: 9 | N28: 9 | O28: 5 | P28: 9 | Q28: 9 | R28: 9 | S28: 8 | T28: 10 | U28: 10 | V28: 1 | W28: None | X28: Indoor | Y28: No | Z28: Low | AA28: 5–10 | AB28: Medium | AC28: 8 | AD28: Yes | AE28: S43, S46 | AF28: 2007 BWF World Championships data: men's singles taller and leaner than doubles, with longer segments and lower sum-skinfolds (S43). Court-coverage demands favour tall, lean, long-limbed athletes. | AG28: M
A29: SP20F | B29: Badminton | C29: Singles (female elite) | D29: Individual racquet | E29: 168 | F29: 5 | G29: 60 | H29: 6 | I29: 21.3 | J29: 18 | M29: 9 | N29: 9 | O29: 5 | P29: 9 | Q29: 9 | R29: 9 | S29: 9 | T29: 10 | U29: 10 | V29: 1 | W29: None | X29: Indoor | Y29: No | Z29: Low | AA29: 5–10 | AB29: Medium | AC29: 8 | AD29: Yes | AE29: S43, S46 | AF29: Women's singles elite badminton at 2007 BWF Worlds — taller and leaner than doubles counterparts (S43). Heller (S46) profile aligns. | AG29: F
A30: SP21 | B30: Squash | C30: Senior elite (male) | D30: Individual racquet | E30: 180 | F30: 5 | G30: 75 | H30: 6 | I30: 23.1 | J30: 10 | M30: 10 | N30: 9 | O30: 6 | P30: 8 | Q30: 8 | R30: 9 | S30: 8 | T30: 9 | U30: 9 | V30: 1 | W30: None | X30: Indoor | Y30: No | Z30: Low | AA30: 10–18 | AB30: Medium | AC30: 7 | AD30: Yes | AE30: S45, S42 | AF30: Top-class male squash players historically 178–182 cm, lean and aerobically very well developed (S45). One of the most aerobically demanding racquet sports — closer to running than to tennis. | AG30: M
A31: SP22 | B31: Table tennis | C31: Senior elite (male) | D31: Individual racquet | E31: 177 | F31: 6 | G31: 72 | H31: 7 | I31: 23 | J31: 14 | M31: 6 | N31: 9 | O31: 5 | P31: 8 | Q31: 8 | R31: 7 | S31: 7 | T31: 10 | U31: 10 | V31: 1 | W31: None | X31: Indoor | Y31: No | Z31: Low | AA31: 5–10 | AB31: Low | AC31: 7 | AD31: Yes | AE31: S44 | AF31: 495-player study (288M, 207F): men's elite typical fat mass 12–20%, muscle mass >36–39%, mesomorphic-ectomorphic top-five players (S44). Physical-constraint profile flatter than other racquet sports — coordination and reaction dominate. | AG31: M
A32: SP23 | B32: Powerlifting | C32: Middleweight (~83–93 kg) | D32: Strength individual | E32: 174 | F32: 5 | G32: 90 | H32: 5 | I32: 29.7 | J32: 16 | M32: 3 | N32: 9 | O32: 10 | P32: 7 | Q32: 4 | R32: 3 | S32: 5 | T32: 7 | U32: 5 | V32: 1 | W32: None | X32: Indoor | Y32: No | Z32: Low | AA32: Any | AB32: Medium | AC32: 7 | AD32: Yes | AE32: S47 | AF32: Oceania-region elite powerlifters across weight classes — highly mesomorphic with large girths and bony breadths; heavier lifters more endo-mesomorphic and disproportionately larger girths (S47). Shorter limbs vs height advantage lifters in absolute terms but is not strongly different across weight classes once Z-scaled. | AG32: M
A33: SP24 | B33: Olympic weightlifting | C33: Middleweight (~73–89 kg) | D33: Strength individual | E33: 170 | F33: 5 | G33: 81 | H33: 5 | I33: 28 | J33: 12 | M33: 3 | N33: 10 | O33: 10 | P33: 10 | Q33: 6 | R33: 3 | S33: 9 | T33: 9 | U33: 8 | V33: 1 | W33: None | X33: Indoor | Y33: No | Z33: Medium | AA33: 10–16 | AB33: Medium | AC33: 7 | AD33: Some | AE33: S48 | AF33: World weightlifting champions cluster within tight body-mass bands by class; absolute strength scales with body mass^2/3 (S48). Shorter levers and exceptional ankle/hip/wrist mobility critical — flexibility demand much higher than powerlifting. | AG33: M
... A35: SP03F | B35: Distance running | C35: Long-distance (marathon, female) | D35: Endurance individual | E35: 165 | F35: 5 | G35: 51 | H35: 5 | I35: 18.7 | J35: 14 | M35: 10 | N35: 3 | O35: 2 | P35: 3 | Q35: 4 | R35: 10 | S35: 5 | T35: 4 | U35: 3 | V35: 1 | W35: None | X35: Outdoor | Y35: No | Z35: Low | AA35: Any | AB35: Medium | AC35: 10 | AD35: Yes | AE35: S08 | AF35: Elite female marathoners 158–175 cm / 43–59 kg, BMI 17–21 (S08). Female-specific physiological referents apply — VO2max lower in absolute terms but similar trained gaps. | AG35: F
A36: SP05F | B36: Swimming | C36: Pool freestyle (female) | D36: Endurance individual | E36: 173 | F36: 6 | G36: 63 | H36: 5 | I36: 21 | J36: 15.8 | K36: 1.04 | M36: 9 | N36: 8 | O36: 6 | P36: 8 | Q36: 8 | R36: 9 | S36: 8 | T36: 7 | U36: 6 | V36: 1 | W36: None | X36: Indoor | Y36: Yes | Z36: Low | AA36: 4–8 | AB36: Low | AC36: 8 | AD36: Yes | AE36: S13, S14 | AF36: University and elite female swimmers: 173.4 cm / 62.8 kg / BF ~15.8% (S13). Open-water French/Australian elite female cohorts 64.7 ± 10.8 kg (S14). | AG36: F
A37: SP08F | B37: Rowing | C37: Heavyweight (female) | D37: Endurance team / pair | E37: 180 | F37: 5 | G37: 78 | H37: 6 | I37: 24.1 | J37: 16 | K37: 1.04 | M37: 10 | N37: 8 | O37: 9 | P37: 8 | Q37: 4 | R37: 9 | S37: 5 | T37: 7 | U37: 5 | V37: 8 | W37: None | X37: Outdoor | Y37: Yes | Z37: High | AA37: 12–16 | AB37: Medium | AC37: 7 | AD37: Some | AE37: S21, S22 | AF37: Female heavyweight elite rowers cluster slightly shorter and lighter than male counterparts but retain the long-wingspan / long-torso profile. Schema placeholder — discipline-specific female data thinner; targeted citation pass needed in v0.3. | AG37: F
A38: SP11F | B38: Sprinting (track) | C38: 100 m (female) | D38: Individual power-speed | E38: 168 | F38: 6 | G38: 60 | H38: 6 | I38: 21.3 | J38: 13 | M38: 3 | N38: 10 | O38: 9 | P38: 10 | Q38: 10 | R38: 2 | S38: 7 | T38: 8 | U38: 10 | V38: 1 | W38: None | X38: Outdoor | Y38: No | Z38: Low | AA38: 10–14 | AB38: Medium | AC38: 7 | AD38: Some | AE38: S27, S28 | AF38: US elite female 100m sprinters in cohort means with BMI ~21 (S28 mixed-sex sample). Similar somatotype emphasis (high mesomorphy, ~70–80% type II fibres typical). | AG38: F
A39: SP26 | B39: Cross-country skiing | C39: Senior elite (male) | D39: Endurance individual / pursuit | E39: 183 | F39: 4 | G39: 78 | H39: 7 | I39: 23 | J39: 9 | M39: 10 | N39: 7 | O39: 7 | P39: 7 | Q39: 6 | R39: 10 | S39: 6 | T39: 8 | U39: 6 | V39: 1 | W39: None | X39: Outdoor | Y39: No | Z39: High | AA39: 6–12 | AB39: Medium | AC39: 2 | AD39: No | AE39: S53, S54 | AF39: Norwegian elite: 183 ± 4 cm / 78.4 ± 7.3 kg (S53). Russian elite XC BMI 23.0 ± 3.3 (S54). Whole-body lean mass critical — both upper- and lower-body propulsion. Heavier than distance runners but lighter than rowers. | AG39: M
A40: SP26F | B40: Cross-country skiing | C40: Senior elite (female) | D40: Endurance individual / pursuit | E40: 170 | F40: 6 | G40: 65 | H40: 6 | I40: 22.5 | J40: 14 | M40: 10 | N40: 7 | O40: 7 | P40: 7 | Q40: 6 | R40: 10 | S40: 6 | T40: 8 | U40: 6 | V40: 1 | W40: None | X40: Outdoor | Y40: No | Z40: High | AA40: 6–12 | AB40: Medium | AC40: 2 | AD40: No | AE40: S53, S54 | AF40: Norwegian elite female: 170 ± 6 cm / 65.2 ± 5.9 kg (S53). Female XC skiers tend to lower BMI than non-athletic peers. | AG40: F
A41: SP27 | B41: Biathlon | C41: Senior elite (male) | D41: Endurance individual / pursuit | E41: 181 | F41: 6 | G41: 73 | H41: 6 | I41: 22.4 | J41: 13 | M41: 10 | N41: 7 | O41: 6 | P41: 6 | Q41: 5 | R41: 10 | S41: 6 | T41: 9 | U41: 9 | V41: 1 | W41: None | X41: Outdoor | Y41: No | Z41: High | AA41: 8–14 | AB41: Medium | AC41: 1 | AD41: No | AE41: S54, S55 | AF41: Biathletes 73.6 ± 6.5 kg, muscle mass 83% of BM (S55). Lower endurance training volume than XC skiers (547 vs 779 h/yr) (S54). Reaction and fine-motor control (rifle) raise coordination demand above pure XC. | AG41: M
A42: SP28 | B42: Alpine skiing | C42: Technical (slalom / GS, male) | D42: Power-speed individual | E42: 178 | F42: 5 | G42: 80 | H42: 6 | I42: 25.2 | J42: 12 | M42: 6 | N42: 9 | O42: 9 | P42: 9 | Q42: 8 | R42: 6 | S42: 6 | T42: 9 | U42: 9 | V42: 1 | W42: Light | X42: Outdoor | Y42: No | Z42: High | AA42: 5–10 | AB42: High | AC42: 1 | AD42: No | AE42: S56, S57 | AF42: Technical specialists shorter and lighter than speed specialists (S56). Sochi 2014 alpine skiers reported in S57. Quick edge-to-edge change of direction favours compact, powerful build. | AG42: M
A43: SP28b | B43: Alpine skiing | C43: Speed (super-G / downhill, male) | D43: Power-speed individual | E43: 184 | F43: 5 | G43: 88 | H43: 8 | I43: 26 | J43: 14 | M43: 6 | N43: 9 | O43: 9 | P43: 9 | Q43: 8 | R43: 7 | S43: 5 | T43: 8 | U43: 9 | V43: 1 | W43: Light | X43: Outdoor | Y43: No | Z43: High | AA43: 5–10 | AB43: High | AC43: 1 | AD43: No | AE43: S56, S57 | AF43: Speed specialists heavier and more endomorphic than technical specialists (S56). Higher body mass aids gravity-driven speed but limits agility — distinct profile. | AG43: M
A44: SP29 | B44: Ice hockey | C44: Forwards (male) | D44: Team contact ice | E44: 183 | F44: 6 | G44: 89 | H44: 7 | I44: 26.6 | J44: 12 | M44: 8 | N44: 9 | O44: 8 | P44: 9 | Q44: 9 | R44: 7 | S44: 5 | T44: 9 | U44: 9 | V44: 6 | W44: Heavy | X44: Indoor | Y44: No | Z44: High | AA44: 5–10 | AB44: High | AC44: 4 | AD44: Some | AE44: S58, S57 | AF44: KHL forwards 183 ± 5.6 cm / 89.7 ± 5.3 kg (S58). ELH similar. Sochi 2014 ice hockey tallest of all winter sports — Chara at 206 cm (S57). | AG44: M
A45: SP29b | B45: Ice hockey | C45: Defensemen (male) | D45: Team contact ice | E45: 186 | F45: 5 | G45: 92 | H45: 6 | I45: 26.6 | J45: 12 | M45: 8 | N45: 9 | O45: 9 | P45: 9 | Q45: 8 | R45: 7 | S45: 5 | T45: 8 | U45: 8 | V45: 6 | W45: Heavy | X45: Indoor | Y45: No | Z45: High | AA45: 5–10 | AB45: High | AC45: 4 | AD45: Some | AE45: S58 | AF45: KHL defensemen 185.7 ± 3.6 cm / 92.5 ± 4.0 kg (S58). Slightly taller and heavier than forwards across both KHL and ELH cohorts. | AG45: M
A46: SP30 | B46: Water polo | C46: Senior elite (male) | D46: Team water contact | E46: 188.6 | F46: 6.8 | G46: 87.6 | H46: 12.8 | I46: 24.6 | J46: 12.1 | M46: 8 | N46: 9 | O46: 8 | P46: 9 | Q46: 7 | R46: 8 | S46: 6 | T46: 8 | U46: 8 | V46: 7 | W46: Heavy | X46: Indoor | Y46: Yes | Z46: Medium | AA46: 8–14 | AB46: Medium | AC46: 3 | AD46: Some | AE46: S59, S60 | AF46: Hungarian/European elite male water polo 188.6 ± 6.8 cm / 87.6 ± 12.8 kg / BF 12.1 ± 4.0% (S59). Skeletal muscle mass 43.9 ± 5.5 kg. Among tallest team-sport athletes; long wingspan and treading-water (eggbeater) endurance critical. | AG46: M
A47: SP30F | B47: Water polo | C47: Senior elite (female) | D47: Team water contact | E47: 173.5 | F47: 6.8 | G47: 69.8 | H47: 9.8 | I47: 23.2 | J47: 21.5 | M47: 8 | N47: 9 | O47: 7 | P47: 8 | Q47: 7 | R47: 8 | S47: 7 | T47: 8 | U47: 8 | V47: 7 | W47: Heavy | X47: Indoor | Y47: Yes | Z47: Medium | AA47: 8–14 | AB47: Medium | AC47: 3 | AD47: Some | AE47: S59 | AF47: Female elite: 173.5 ± 6.8 cm / 69.8 ± 9.8 kg / BF 21.5 ± 4.8% (S59). FFM 54.5 ± 6.7 kg. | AG47: F
A48: SP31 | B48: Kayaking | C48: Sprint (male) | D48: Endurance individual / pair | E48: 180 | F48: 5 | G48: 82 | H48: 6 | I48: 25.3 | J48: 9 | K48: 1.05 | M48: 8 | N48: 9 | O48: 8 | P48: 9 | Q48: 6 | R48: 8 | S48: 6 | T48: 7 | U48: 6 | V48: 1 | W48: None | X48: Outdoor | Y48: Yes | Z48: Medium | AA48: 8–14 | AB48: Low | AC48: 5 | AD48: Yes | AE48: S61 | AF48: Elite male kayakers: BM, BMI, SMMI predict force and power output (S61). Sprint specialists heavier than long-distance. Long arm span and shoulder strength dominate. | AG48: M
